Workbook

Sheet Overview
B2: OVERVIEW
B3: Sistem Rekomendasi Menu Diet Berbasis Genetic Algorithm untuk Penderita Penyakit Kronis dan Tidak Menular
B5: 1 — TENTANG SISTEM
B6: Deskripsi | C6: Sistem ini adalah aplikasi berbasis website yang membantu pengguna merencanakan menu diet harian yang dipersonalisasi. Sistem ini dibuat dengan menggunakan Genetic Algorithm (GA) dan Greedy Algorithm. Sistem ini secara otomatis akan mencari kombinasi menu terbaik yang memenuhi kebutuhan nutrisi unik setiap pengguna berdasarkan profil fisik dan kondisi kesehatannya. Terdapat 5 penyakit yang tersedia di sistem dan pengguna bisa memilih 1 hingga 3 kondisi penyakit sesuai kondisi kesehatan. Penyakit tersebut meliputi 1. Diabetes Melitus Tipe 2 2. Hipertensi 3. Kardiovaskular 4. Hiperkolesterolemia 5. Penyakit Ginjal Stadium 1
B7: Status Sistem | C7: Sistem yang dibuat merupakan Sistem Pendukung Keputusan (Decision Support System), bukan pengganti konsultasi medis. Seluruh rekomendasi yang dihasilkan bersifat panduan awal dan tetap harus dikonsultasikan kepada dokter atau tenaga gizi profesional sebelum diterapkan.
B8: Dataset | C8: Dataset berasal dari United States Department of Agriculture (USDA) National Nutrient Database, dimana dataset tersebut telah melalui proses pembersihan data (preprocessing) dilakukan dengan menghapus produk tidak layak konsumsi, produk yang tidak sesuai syariat (haram), serta data dengan nilai nutrisi tidak valid. Total data yang digunakan saat ini yakni ±2.800 item makanan dan minuman. Catatan: Dataset USDA tidak mencakup semua makanan di dunia nyata, khususnya makanan lokal Indonesia. Hal ini merupakan salah satu keterbatasan yang terbuka untuk dikritisi.
B9: Target Pengguna | C9: Masyarakat umum (internasional), sistem berbasis website dalam Bahasa Inggris, dapat diakses oleh siapa saja tanpa batasan profesi. Pengguna dengan kondisi penyakit kronis sangat disarankan untuk tetap berkonsultasi dengan tenaga medis.
B11: 2 — OUTPUT SISTEM
B12: Struktur Output (per hari) | C12: Sistem menghasilkan 1 rencana menu lengkap untuk 1 hari dengan struktur berikut: • Breakfast : Main Course, Side Dish, Drink • Lunch : Main Course, Side Dish, Drink • Dinner : Main Course, Side Dish, Drink • Snack Sistem web menghasilkan tiga pilihan menu pada setiap waktu makan. Pengguna memilih satu dari tiga alternatif tersebut sehingga terbentuk menu harian yang terdiri atas 10 item makanan/minuman. Pada lembar evaluasi ini, hanya ditampilkan menu yang dipilih pengguna sebagai representasi hasil akhir rekomendasi sistem.
B13: Distribusi Kalori per Waktu Makan | C13: Breakfast (Sarapan): 23,75% | Lunch (Makan Siang): 33,75% Dinner (Makan Malam): 28,75% | Snack: 13,75% Nilai ini merupakan konstanta yang di-hardcode dalam sistem dan menjadi salah satu aspek yang divalidasi pada Kriteria I di setiap form case.
B15: 3 — KONDISI PENYAKIT YANG DIANALISIS (13 Skenario)
B16: No | Kondisi Penyakit | C16: Nutrisi yang Dibatasi / Diprioritaskan
B17: 01 — Normal | C17: Lihat pada guideline
B18: 02 — Diabetes Melitus Tipe 2 | C18: Lihat pada guideline
B19: 03 — Hipertensi | C19: Lihat pada guideline
B20: 04 — Cardiovascular Disease (CVD) | C20: Lihat pada guideline
B21: 05 — Hiperkolesterolemia | C21: Lihat pada guideline
B22: 06 — Chronic Kidney Disease (CKD) Stadium 1 | C22: Lihat pada guideline
B23: 07 — Diabetes + Hipertensi | C23: Lihat pada guideline
B24: 08 — Diabetes + Hiperkolesterolemia | C24: Lihat pada guideline
B25: 09 — Hipertensi + CVD | C25: Lihat pada guideline
B26: 10 — CKD + Hipertensi | C26: Lihat pada guideline
B27: 11 — Diabetes + Hipertensi + Hiperkolesterolemia | C27: Lihat pada guideline
... B29: 13 — Hipertensi + Hiperkolesterolemia + CVD | C29: Lihat pada guideline
B31: 4 — PERAN AHLI GIZI DALAM VALIDASI INI
B32: Tujuan Validasi | C32: Validasi oleh ahli gizi merupakan bagian inti dari penelitian ini. Penilaian ahli gizi akan digunakan untuk mengukur sejauh mana sistem mampu menghasilkan rekomendasi yang tidak hanya valid secara komputasional, tetapi juga relevan secara klinis dan dapat diterima dalam praktik gizi nyata.
B33: Yang Dinilai (Kriteria A–I) | C33: A. Kesesuaian menu dengan kondisi penyakit B. Kesesuaian total energi harian C. Kesesuaian distribusi makronutrien (karbohidrat, protein, lemak) D. Ketepatan pembatasan nutrisi khusus per penyakit E. Realisme kombinasi menu untuk konsumsi sehari-hari F. Variasi dan keberterimaan menu G. Penilaian keseluruhan kelayakan menu H. Kesesuaian porsi dan ukuran sajian I. Ketepatan distribusi kalori per waktu makan
B34: Yang Diharapkan dari Ahli Gizi | C34: Selain skor numerik (1–5), masukan kualitatif sangat diharapkan, terutama mengenai: • Jenis makanan yang sebaiknya ditambahkan atau dikeluarkan dari database • Batasan nutrisi yang dinilai terlalu ketat atau terlalu longgar • Potensi dan hambatan implementasi sistem di fasilitas kesehatan
B36: Terima kasih atas waktu dan kontribusi Ibu Ahli Gizi. Setiap masukan sangat berharga untuk pengembangan sistem yang lebih baik

Sheet Petunjuk
B2: FORM VALIDASI AHLI GIZI
B3: Instrumen Penilaian Kualitas Sistem Rekomendasi Menu Diet Berbasis Genetic Algorithm
B4: Tugas Akhir · Sistem Pendukung Keputusan
B6: BAGIAN 1 — TUJUAN PENELITIAN
B7: Judul Penelitian | C7: Implementasi Genetic Algorithm untuk Penentuan Menu Diet Sehat Bagi Penderita Penyakit Kronis dan Tidak Menular
B8: Tujuan Utama | C8: Merancang sistem rekomendasi menu diet harian yang dipersonalisasi berdasarkan profil pengguna (usia, berat badan, tinggi badan, jenis kelamin, aktivitas, kondisi penyakit) menggunakan Genetic Algorithm (GA) dan Greedy Algorithm dengan dataset nutrisi USDA.
B9: Tujuan Validasi | C9: Mendapatkan penilaian ahli gizi klinis terhadap kualitas output menu yang dihasilkan sistem, meliputi kesesuaian nutrisi, realisme menu, ketepatan pembatasan penyakit, dan kelayakan klinis secara umum.
B11: BAGIAN 3 — PETUNJUK PENGISIAN FORM
B12: Langkah 1 | C12: Buka sheet Case 1 s.d. Case 13 secara berurutan.
B13: Langkah 2 | C13: Baca Bagian 1 (Profil User) dan Bagian 3 (Menu Rekomendasi) untuk memahami kondisi pasien.
B14: Langkah 3 | C14: Cek Bagian 2 (Kebutuhan Nutrisi), Bagian 5 (Hard Constraint), dan Bagian 6 (Soft Constraint).
B15: Langkah 4 | C15: Pada Bagian 7 (Form Penilaian), klik sel kolom SKOR lalu pilih nilai 1–5 dari dropdown. Jangan ketik manual agar Rekap terhitung otomatis.
B16: Langkah 5 | C16: Isi Bagian 8 (Komentar & Saran) dengan tiga aspek: Catatan Klinis Menu, Kesesuaian Panduan Gizi, dan Kelayakan Implementasi Klinis.
B17: Langkah 6 | C17: Ulangi Langkah 1–5 untuk semua 13 case.
B19: BAGIAN 4 — SKALA PENILAIAN (1–5)
B20: 1 — Sangat Tidak Sesuai | C20: Menu sama sekali tidak memenuhi kriteria. Terdapat kesalahan fundamental yang berpotensi membahayakan kondisi pasien.
B21: 2 — Tidak Sesuai | C21: Ada upaya pemenuhan kriteria namun masih jauh dari standar klinis. Perlu perbaikan signifikan sebelum dapat digunakan.
B22: 3 — Cukup Sesuai | C22: Memenuhi sebagian besar kriteria namun terdapat kekurangan yang perlu diperbaiki. Masih dapat diterima dengan catatan.
B23: 4 — Sesuai | C23: Memenuhi standar gizi klinis dengan baik. Kekurangan yang ada bersifat minor dan tidak signifikan secara klinis.
B24: 5 — Sangat Sesuai | C24: Memenuhi semua kriteria secara optimal sesuai pedoman gizi klinis. Layak direkomendasikan tanpa catatan perbaikan berarti.
B26: BAGIAN 5 — TAUTAN REFERENSI
B27: Website Sistem | C27: https://chronobite.vercel.app/
B28: Link Dataset USDA (yang sudah dibersihkan) | C28: Dataset Cleaned.xlsx
B29: Sumber Dataset | C29: USDA FoodData Central
B30: Link DRI (Dietary Reference Intake) | C30: Dietary Reference Intake.xlsx
B31: Sumber DRI | C31: Nutrient Recommendations and Databases
B32: Rekap Guideline Nutrisi per Penyakit | C32: Guideline.xlsx
B33: Sumber Guideline | C33: 01. Guideline

Sheet Rekap Penilaian
B2: REKAP PENILAIAN AHLI GIZI — SEMUA CASE (GENETIC ALGORITHM) | P2: REKAP PENILAIAN AHLI GIZI — SEMUA CASE (GREEDY ALGORITHM)
B3: Skor diambil otomatis dari masing-masing sheet Case. Isi data pada sheet Case 1–13 terlebih dahulu. | P3: Skor diambil otomatis dari masing-masing sheet Case. Isi data pada sheet Case 1–13 terlebih dahulu.
B5: No | C5: Kondisi Penyakit | D5: A | E5: B | F5: C | G5: D | H5: E | I5: F | J5: G | K5: H | L5: I | M5: Rata-rata | N5: Komentar | P5: No | Q5: Kondisi Penyakit | R5: A | S5: B | T5: C | U5: D | V5: E | W5: F | X5: G | Y5: H | Z5: I | AA5: Rata-rata | AB5: Komentar
D6: Kondisi Penyakit | E6: Energi | F6: Makronutrien | G6: Nutrisi Khusus | H6: Realisme | I6: Variasi | J6: Overall | K6: Porsi | L6: Distribusi Waktu | M6: Rata-rata | R6: Kondisi Penyakit | S6: Energi | T6: Makronutrien | U6: Nutrisi Khusus | V6: Realisme | W6: Variasi | X6: Overall | Y6: Porsi | Z6: Distribusi Waktu | AA6: Rata-rata
B7: 1 | C7: NORMAL | D7: ='Case 1'!E81 -> 4 | E7: ='Case 1'!E82 -> 3 | F7: ='Case 1'!E83 -> 3 | G7: ='Case 1'!E84 -> 4 | H7: ='Case 1'!E85 -> 3 | I7: ='Case 1'!E86 -> 3 | J7: ='Case 1'!E87 -> 3 | K7: ='Case 1'!E88 -> 3 | L7: ='Case 1'!E89 -> 4 | M7: =IFERROR(AVERAGE(D7,E7,F7,G7,H7,I7,J7,K7,L7),"—") -> 3.3333333 | P7: 1 | Q7: NORMAL | R7: ='Case 1'!L81 -> 4 | S7: ='Case 1'!L82 -> 3 | T7: ='Case 1'!L83 -> 3 | U7: ='Case 1'!L84 -> 4 | V7: ='Case 1'!L85 -> 3 | W7: ='Case 1'!L86 -> 3 | X7: ='Case 1'!L87 -> 3 | Y7: ='Case 1'!L88 -> 4 | Z7: ='Case 1'!L89 -> 4 | AA7: =IFERROR(AVERAGE(R7,S7,T7,U7,V7,W7,X7,Y7,Z7),"—") -> 3.4444444
B8: 2 | C8: DIABETES MELITUS TYPE 2 | D8: ='Case 2'!E81 -> 3 | E8: ='Case 2'!E82 -> 3 | F8: ='Case 2'!E83 -> 4 | G8: ='Case 2'!E84 -> 4 | H8: ='Case 2'!E85 -> 3 | I8: ='Case 2'!E86 -> 3 | J8: ='Case 2'!E87 -> 3 | K8: ='Case 2'!E88 -> 3 | L8: ='Case 2'!E89 -> 4 | M8: =IFERROR(AVERAGE(D8,E8,F8,G8,H8,I8,J8,K8,L8),"—") -> 3.3333333 | P8: 2 | Q8: DIABETES MELITUS TYPE 2 | R8: ='Case 2'!L81 -> 3 | S8: ='Case 2'!L82 -> 3 | T8: ='Case 2'!L83 -> 3 | U8: ='Case 2'!L84 -> 4 | V8: ='Case 2'!L85 -> 3 | W8: ='Case 2'!L86 -> 3 | X8: ='Case 2'!L87 -> 3 | Y8: ='Case 2'!L88 -> 4 | Z8: ='Case 2'!L89 -> 4 | AA8: =IFERROR(AVERAGE(R8,S8,T8,U8,V8,W8,X8,Y8,Z8),"—") -> 3.3333333
B9: 3 | C9: HYPERTENSION | D9: ='Case 3'!E81 -> 3 | E9: ='Case 3'!E82 -> 4 | F9: ='Case 3'!E83 -> 4 | G9: ='Case 3'!E84 -> 4 | H9: ='Case 3'!E85 -> 3 | I9: ='Case 3'!E86 -> 3 | J9: ='Case 3'!E87 -> 3 | K9: ='Case 3'!E88 -> 3 | L9: ='Case 3'!E89 -> 4 | M9: =IFERROR(AVERAGE(D9,E9,F9,G9,H9,I9,J9,K9,L9),"—") -> 3.4444444 | P9: 3 | Q9: HYPERTENSION | R9: ='Case 3'!L81 -> 3 | S9: ='Case 3'!L82 -> 4 | T9: ='Case 3'!L83 -> 4 | U9: ='Case 3'!L84 -> 2 | V9: ='Case 3'!L85 -> 3 | W9: ='Case 3'!L86 -> 3 | X9: ='Case 3'!L87 -> 3 | Y9: ='Case 3'!L88 -> 4 | Z9: ='Case 3'!L89 -> 4 | AA9: =IFERROR(AVERAGE(R9,S9,T9,U9,V9,W9,X9,Y9,Z9),"—") -> 3.3333333
B10: 4 | C10: CARDIOVASCULAR DISEASE | D10: ='Case 4'!E82 -> 3 | E10: ='Case 4'!E83 -> 3 | F10: ='Case 4'!E84 -> 3 | G10: ='Case 4'!E85 -> 4 | H10: ='Case 4'!E86 -> 3 | I10: ='Case 4'!E87 -> 3 | J10: ='Case 4'!E88 -> 3 | K10: ='Case 4'!E89 -> 3 | L10: ='Case 4'!E90 -> 4 | M10: =IFERROR(AVERAGE(D10,E10,F10,G10,H10,I10,J10,K10,L10),"—") -> 3.2222222 | P10: 4 | Q10: CARDIOVASCULAR DISEASE | R10: ='Case 4'!L82 -> 3 | S10: ='Case 4'!L83 -> 3 | T10: ='Case 4'!L84 -> 3 | U10: ='Case 4'!L85 -> 3 | V10: ='Case 4'!L86 -> 3 | W10: ='Case 4'!L87 -> 3 | X10: ='Case 4'!L88 -> 3 | Y10: ='Case 4'!L89 -> 4 | Z10: ='Case 4'!L90 -> 4 | AA10: =IFERROR(AVERAGE(R10,S10,T10,U10,V10,W10,X10,Y10,Z10),"—") -> 3.2222222
B11: 5 | C11: HYPERCHOLESTEROLEMIA | D11: ='Case 5'!E82 -> 3 | E11: ='Case 5'!E83 -> 3 | F11: ='Case 5'!E84 -> 4 | G11: ='Case 5'!E85 -> 4 | H11: ='Case 5'!E86 -> 4 | I11: ='Case 5'!E87 -> 4 | J11: ='Case 5'!E88 -> 3 | K11: ='Case 5'!E89 -> 3 | L11: ='Case 5'!E90 -> 4 | M11: =IFERROR(AVERAGE(D11,E11,F11,G11,H11,I11,J11,K11,L11),"—") -> 3.5555556 | P11: 5 | Q11: HYPERCHOLESTEROLEMIA | R11: ='Case 5'!L82 -> 3 | S11: ='Case 5'!L83 -> 3 | T11: ='Case 5'!L84 -> 3 | U11: ='Case 5'!L85 -> 4 | V11: ='Case 5'!L86 -> 3 | W11: ='Case 5'!L87 -> 3 | X11: ='Case 5'!L88 -> 3 | Y11: ='Case 5'!L89 -> 4 | Z11: ='Case 5'!L90 -> 4 | AA11: =IFERROR(AVERAGE(R11,S11,T11,U11,V11,W11,X11,Y11,Z11),"—") -> 3.3333333
B12: 6 | C12: CHRONIC KIDNEY DISEASE STAGE 1 | D12: ='Case 6'!E81 -> 3 | E12: ='Case 6'!E82 -> 3 | F12: ='Case 6'!E83 -> 3 | G12: ='Case 6'!E84 -> 3 | H12: ='Case 6'!E85 -> 3 | I12: ='Case 6'!E86 -> 3 | J12: ='Case 6'!E87 -> 3 | K12: ='Case 6'!E88 -> 3 | L12: ='Case 6'!E89 -> 4 | M12: =IFERROR(AVERAGE(D12,E12,F12,G12,H12,I12,J12,K12,L12),"—") -> 3.1111111 | P12: 6 | Q12: CHRONIC KIDNEY DISEASE STAGE 1 | R12: ='Case 6'!L81 -> 3 | S12: ='Case 6'!L82 -> 3 | T12: ='Case 6'!L83 -> 3 | U12: ='Case 6'!L84 -> 3 | V12: ='Case 6'!L85 -> 3 | W12: ='Case 6'!L86 -> 3 | X12: ='Case 6'!L87 -> 3 | Y12: ='Case 6'!L88 -> 4 | Z12: ='Case 6'!L89 -> 4 | AA12: =IFERROR(AVERAGE(R12,S12,T12,U12,V12,W12,X12,Y12,Z12),"—") -> 3.2222222
B13: 7 | C13: DIABETES + HYPERTENSION | D13: ='Case 7'!E81 -> 3 | E13: ='Case 7'!E82 -> 3 | F13: ='Case 7'!E83 -> 3 | G13: ='Case 7'!E84 -> 4 | H13: ='Case 7'!E85 -> 3 | I13: ='Case 7'!E86 -> 3 | J13: ='Case 7'!E87 -> 3 | K13: ='Case 7'!E88 -> 3 | L13: ='Case 7'!E89 -> 4 | M13: =IFERROR(AVERAGE(D13,E13,F13,G13,H13,I13,J13,K13,L13),"—") -> 3.2222222 | P13: 7 | Q13: DIABETES + HYPERTENSION | R13: ='Case 7'!L81 -> 3 | S13: ='Case 7'!L82 -> 3 | T13: ='Case 7'!L83 -> 3 | U13: ='Case 7'!L84 -> 4 | V13: ='Case 7'!L85 -> 3 | W13: ='Case 7'!L86 -> 3 | X13: ='Case 7'!L87 -> 3 | Y13: ='Case 7'!L88 -> 4 | Z13: ='Case 7'!L89 -> 4 | AA13: =IFERROR(AVERAGE(R13,S13,T13,U13,V13,W13,X13,Y13,Z13),"—") -> 3.3333333
B14: 8 | C14: DIABETES + HYPERCHOLESTEROLEMIA | D14: ='Case 8'!E82 -> 3 | E14: ='Case 8'!E83 -> 3 | F14: ='Case 8'!E84 -> 3 | G14: ='Case 8'!E85 -> 3 | H14: ='Case 8'!E86 -> 3 | I14: ='Case 8'!E87 -> 3 | J14: ='Case 8'!E88 -> 3 | K14: ='Case 8'!E89 -> 4 | L14: ='Case 8'!E90 -> 4 | M14: =IFERROR(AVERAGE(D14,E14,F14,G14,H14,I14,J14,K14,L14),"—") -> 3.2222222 | P14: 8 | Q14: DIABETES + HYPERCHOLESTEROLEMIA | R14: ='Case 8'!L82 -> 3 | S14: ='Case 8'!L83 -> 3 | T14: ='Case 8'!L84 -> 3 | U14: ='Case 8'!L85 -> 3 | V14: ='Case 8'!L86 -> 3 | W14: ='Case 8'!L87 -> 3 | X14: ='Case 8'!L88 -> 3 | Y14: ='Case 8'!L89 -> 4 | Z14: ='Case 8'!L90 -> 4 | AA14: =IFERROR(AVERAGE(R14,S14,T14,U14,V14,W14,X14,Y14,Z14),"—") -> 3.2222222
B15: 9 | C15: HYPERTENSION + CARDIOVASCULAR DISEASE | D15: ='Case 9'!E82 -> 3 | E15: ='Case 9'!E83 -> 3 | F15: ='Case 9'!E84 -> 3 | G15: ='Case 9'!E85 -> 3 | H15: ='Case 9'!E86 -> 3 | I15: ='Case 9'!E87 -> 3 | J15: ='Case 9'!E88 -> 3 | K15: ='Case 9'!E89 -> 3 | L15: ='Case 9'!E90 -> 4 | M15: =IFERROR(AVERAGE(D15,E15,F15,G15,H15,I15,J15,K15,L15),"—") -> 3.1111111 | P15: 9 | Q15: HYPERTENSION + CARDIOVASCULAR DISEASE | R15: ='Case 9'!L82 -> 3 | S15: ='Case 9'!L83 -> 3 | T15: ='Case 9'!L84 -> 3 | U15: ='Case 9'!L85 -> 3 | V15: ='Case 9'!L86 -> 3 | W15: ='Case 9'!L87 -> 3 | X15: ='Case 9'!L88 -> 3 | Y15: ='Case 9'!L89 -> 4 | Z15: ='Case 9'!L90 -> 4 | AA15: =IFERROR(AVERAGE(R15,S15,T15,U15,V15,W15,X15,Y15,Z15),"—") -> 3.2222222
B16: 10 | C16: CKD + HYPERTENSION | D16: ='Case 10'!E81 -> 3 | E16: ='Case 10'!E82 -> 3 | F16: ='Case 10'!E83 -> 3 | G16: ='Case 10'!E84 -> 4 | H16: ='Case 10'!E85 -> 3 | I16: ='Case 10'!E86 -> 3 | J16: ='Case 10'!E87 -> 3 | K16: ='Case 10'!E88 -> 3 | L16: ='Case 10'!E89 -> 4 | M16: =IFERROR(AVERAGE(D16,E16,F16,G16,H16,I16,J16,K16,L16),"—") -> 3.2222222 | P16: 10 | Q16: CKD + HYPERTENSION | R16: ='Case 10'!L81 -> 3 | S16: ='Case 10'!L82 -> 3 | T16: ='Case 10'!L83 -> 3 | U16: ='Case 10'!L84 -> 3 | V16: ='Case 10'!L85 -> 3 | W16: ='Case 10'!L86 -> 3 | X16: ='Case 10'!L87 -> 3 | Y16: ='Case 10'!L88 -> 4 | Z16: ='Case 10'!L89 -> 4 | AA16: =IFERROR(AVERAGE(R16,S16,T16,U16,V16,W16,X16,Y16,Z16),"—") -> 3.2222222
B17: 11 | C17: DIABETES + HYPERTENSION + HYPERCHOLESTEROLEMIA | D17: ='Case 11'!E82 -> 3 | E17: ='Case 11'!E83 -> 3 | F17: ='Case 11'!E84 -> 3 | G17: ='Case 11'!E85 -> 4 | H17: ='Case 11'!E86 -> 3 | I17: ='Case 11'!E87 -> 3 | J17: ='Case 11'!E88 -> 3 | K17: ='Case 11'!E89 -> 3 | L17: ='Case 11'!E90 -> 4 | M17: =IFERROR(AVERAGE(D17,E17,F17,G17,H17,I17,J17,K17,L17),"—") -> 3.2222222 | P17: 11 | Q17: DIABETES + HYPERTENSION + HYPERCHOLESTEROLEMIA | R17: ='Case 11'!L82 -> 3 | S17: ='Case 11'!L83 -> 3 | T17: ='Case 11'!L84 -> 3 | U17: ='Case 11'!L85 -> 3 | V17: ='Case 11'!L86 -> 3 | W17: ='Case 11'!L87 -> 3 | X17: ='Case 11'!L88 -> 3 | Y17: ='Case 11'!L89 -> 4 | Z17: ='Case 11'!L90 -> 4 | AA17: =IFERROR(AVERAGE(R17,S17,T17,U17,V17,W17,X17,Y17,Z17),"—") -> 3.2222222
B18: 12 | C18: CKD + DIABETES + HYPERTENSION | D18: ='Case 12'!E81 -> 3 | E18: ='Case 12'!E82 -> 3 | F18: ='Case 12'!E83 -> 3 | G18: ='Case 12'!E84 -> 3 | H18: ='Case 12'!E85 -> 3 | I18: ='Case 12'!E86 -> 3 | J18: ='Case 12'!E87 -> 3 | K18: ='Case 12'!E88 -> 4 | L18: ='Case 12'!E89 -> 4 | M18: =IFERROR(AVERAGE(D18,E18,F18,G18,H18,I18,J18,K18,L18),"—") -> 3.2222222 | P18: 12 | Q18: CKD + DIABETES + HYPERTENSION | R18: ='Case 12'!L81 -> 3 | S18: ='Case 12'!L82 -> 3 | T18: ='Case 12'!L83 -> 3 | U18: ='Case 12'!L84 -> 3 | V18: ='Case 12'!L85 -> 3 | W18: ='Case 12'!L86 -> 3 | X18: ='Case 12'!L87 -> 3 | Y18: ='Case 12'!L88 -> 4 | Z18: ='Case 12'!L89 -> 4 | AA18: =IFERROR(AVERAGE(R18,S18,T18,U18,V18,W18,X18,Y18,Z18),"—") -> 3.2222222
B19: 13 | C19: HYPERTENSION + HYPERCHOLESTEROLEMIA + CVD | D19: ='Case 13'!E82 -> 3 | E19: ='Case 13'!E83 -> 3 | F19: ='Case 13'!E84 -> 3 | G19: ='Case 13'!E85 -> 3 | H19: ='Case 13'!E86 -> 3 | I19: ='Case 13'!E87 -> 3 | J19: ='Case 13'!E88 -> 3 | K19: ='Case 13'!E89 -> 3 | L19: ='Case 13'!E90 -> 4 | M19: =IFERROR(AVERAGE(D19,E19,F19,G19,H19,I19,J19,K19,L19),"—") -> 3.1111111 | P19: 13 | Q19: HYPERTENSION + HYPERCHOLESTEROLEMIA + CVD | R19: ='Case 13'!L82 -> 3 | S19: ='Case 13'!L83 -> 3 | T19: ='Case 13'!L84 -> 3 | U19: ='Case 13'!L85 -> 3 | V19: ='Case 13'!L86 -> 3 | W19: ='Case 13'!L87 -> 3 | X19: ='Case 13'!L88 -> 3 | Y19: ='Case 13'!L89 -> 3 | Z19: ='Case 13'!L90 -> 4 | AA19: =IFERROR(AVERAGE(R19,S19,T19,U19,V19,W19,X19,Y19,Z19),"—") -> 3.1111111
B20: RATA-RATA PER KRITERIA → | D20: =IFERROR(AVERAGE(D7:D19),"—") -> 3.0769231 | E20: =IFERROR(AVERAGE(E7:E19),"—") -> 3.0769231 | F20: =IFERROR(AVERAGE(F7:F19),"—") -> 3.2307692 | G20: =IFERROR(AVERAGE(G7:G19),"—") -> 3.6153846 | H20: =IFERROR(AVERAGE(H7:H19),"—") -> 3.0769231 | I20: =IFERROR(AVERAGE(I7:I19),"—") -> 3.0769231 | J20: =IFERROR(AVERAGE(J7:J19),"—") -> 3 | K20: =IFERROR(AVERAGE(K7:K19),"—") -> 3.1538462 | L20: =IFERROR(AVERAGE(L7:L19),"—") -> 4 | M20: =IFERROR(AVERAGE(D20,E20,F20,G20,H20,I20,J20,K20,L20),"—") -> 3.2564103 | N20: Grand Average | P20: RATA-RATA PER KRITERIA → | R20: =IFERROR(AVERAGE(R7:R19),"—") -> 3.0769231 | S20: =IFERROR(AVERAGE(S7:S19),"—") -> 3.0769231 | T20: =IFERROR(AVERAGE(T7:T19),"—") -> 3.0769231 | U20: =IFERROR(AVERAGE(U7:U19),"—") -> 3.2307692 | V20: =IFERROR(AVERAGE(V7:V19),"—") -> 3 | W20: =IFERROR(AVERAGE(W7:W19),"—") -> 3 | X20: =IFERROR(AVERAGE(X7:X19),"—") -> 3 | Y20: =IFERROR(AVERAGE(Y7:Y19),"—") -> 3.9230769 | Z20: =IFERROR(AVERAGE(Z7:Z19),"—") -> 4 | AA20: =IFERROR(AVERAGE(R20,S20,T20,U20,V20,W20,X20,Y20,Z20),"—") -> 3.2649573 | AB20: Grand Average
B22: PANDUAN INTERPRETASI SKOR
B23: 1,00 – 1,99 | D23: Sangat Tidak Sesuai | H23: Perlu perombakan total pada sistem
B24: 2,00 – 2,99 | D24: Tidak Sesuai | H24: Perlu perbaikan signifikan
B25: 3,00 – 3,99 | D25: Cukup Sesuai | H25: Perlu perbaikan minor
B26: 4,00 – 4,59 | D26: Sesuai | H26: Layak dengan catatan kecil
B27: 4,60 – 5,00 | D27: Sangat Sesuai | H27: Layak direkomendasikan

Sheet Case 1
B2: CASE 1 — NORMAL
B5: BAGIAN 1 — PROFIL USER | D5: BAGIAN 2 — KEBUTUHAN NUTRISI USER
B6: Usia | C6: 28 | D6: BMR (kcal) | E6: 1703
B7: Jenis Kelamin | C7: Pria | D7: TDEE (kcal) | E7: 3142,1
B8: Berat Badan (kg) | C8: 68 | D8: Energi Harian (kcal) | E8: 2985.0 – 3299.2
B9: Tinggi Badan (cm) | C9: 178 | D9: Protein (g) | E9: 117.8 – 157.1
B10: Tingkat Aktivitas | C10: Sedang | D10: Lemak / Fat (g) | E10: 87.3 – 104.7
B11: Kondisi Penyakit | C11: Normal | D11: Karbohidrat (g) | E11: 429.1 – 474.3
D12: Air / Water (ml) | E12: ≥ 3700.0
B14: BAGIAN 3 — MENU YANG DIREKOMENDASIKAN SISTEM
B15: 🔵 GENETIC ALGORITHM (GA) | I15: 🟢 GREEDY ALGORITHM
B16: Waktu Makan | C16: Menu / Makanan | D16: Porsi (g/ml) | E16: Kalori (kcal) | I16: Waktu Makan | J16: Menu / Makanan | K16: Porsi (g/ml) | L16: Kalori (kcal)
B17: Breakfast — Main Course 1 | C17: Pan-Fried Ground Veal | D17: 150 g | E17: 322.5 | I17: Breakfast — Main Course 1 | J17: Mexican Bread Roll | K17: 115g | L17: 365,7 | M17: main course dan side dish kedunya roti? sebaiknya lebih bervarias
B18: Breakfast — Side Dish 1 | C18: Homemade Hummus | D18: 197 g | E18: 348.7 | F18: Porsi bisa dikurangi, sebaiknya kalori side dish < main course | I18: Breakfast — Side Dish 1 | J18: Dinner Rolls | K18: 78g | L18: 212,9
B19: Breakfast — Drink 1 | C19: Homemade Hot Chocolate | D19: 123 ml | E19: 94.7 | I19: Breakfast — Drink 1 | J19: Strawberry Shake | K19: 114ml | L19: 128,8
B21: Lunch — Main Course 1 | C21: Hush Puppies | D21: 153 g | E21: 515.6 | F21: double jagung (antara main course dan side dish), belum ada protein dan sayur | I21: Lunch — Main Course 1 | J21: Chow Mein Noodles | K21: 122g | L21: 574,6
B22: Lunch — Side Dish 1 | C22: White Corn | D22: 132 g | E22: 481.8 | F22: apakah tidak diolah? hanya jagung putih utuh? | I22: Lunch — Side Dish 1 | J22: Hard Rolls | K22: 105g | L22: 307,7 | M22: kenapa side dishnya hard rolls? jadi doubel karbo
B23: Lunch — Drink 1 | C23: Evaporated Milk | D23: 100 ml | E23: 107 | I23: Lunch — Drink 1 | J23: Strawberry Shake | K23: 121ml | L23: 136,7
B25: Dinner — Main Course 1 | C25: Toasted Wheat Germ Cereal | D25: 134 g | E25: 511.9 | F25: dari main course dam side dish belum ada protein dan sayur | I25: Dinner — Main Course 1 | J25: Hush Puppies | K25: 123g | L25: 414,5 | M25: kurang protein dan sayur
B26: Dinner — Side Dish 1 | C26: Cottage-Cut French Fries | D26: 119 g | E26: 259.4 | I26: Dinner — Side Dish 1 | J26: Oven-Heated French Fries | K26: 120g | L26: 232,8
B27: Dinner — Drink 1 | C27: Fruit Punch Drink | D27: 100 ml | E27: 175 | I27: Dinner — Drink 1 | J27: Strawberry Shake | K27: 122ml | L27: 137,9 | M27: untuk minum ketiga waktu makan sama, sebaiknya dibedakan salah satu waktu
B29: Snack — Option 1 | C29: Boiled European Chestnuts | D29: 240 g | E29: 314.4 | F29: porsi bisa dikurangin | I29: Snack — Option 1 | J29: Sugar-Free Cream-Filled Cookies | K29: 80g | L29: 424,8
B31: BAGIAN 4 — DISTRIBUSI KALORI PER WAKTU MAKAN
B32: 🔵 GENETIC ALGORITHM (GA) | I32: 🟢 Greedy — Distribusi Kalori
B33: Waktu Makan | C33: Kalori (kcal) | D33: % Target | E33: Keterangan | F33: Aktual | G33: Keterangan | I33: Waktu Makan | J33: Kalori (kcal) | K33: % Target | L33: Keterangan | M33: Aktual | N33: Keterangan
B34: Breakfast (Sarapan) | C34: 765,9 | D34: 0.2375 | E34: Konstanta sistem | F34: 0.244 | I34: Breakfast (Sarapan) | J34: 707.4 | K34: 0.2375 | L34: Konstanta sistem | M34: =J34/sum($J$34:$J$37) -> 0.24090723
B35: Lunch (Makan Siang) | C35: 1104,4 | D35: 0.3375 | E35: Konstanta sistem | F35: 0.351 | I35: Lunch (Makan Siang) | J35: 1019 | K35: 0.3375 | L35: Konstanta sistem | M35: =J35/sum($J$34:$J$37) -> 0.34702357
B36: Dinner (Makan Malam) | C36: 946,3 | D36: 0.2875 | E36: Konstanta sistem | F36: 0.301 | I36: Dinner (Makan Malam) | J36: 785.2 | K36: 0.2875 | L36: Konstanta sistem | M36: =J36/sum($J$34:$J$37) -> 0.26740226
B37: Snack | C37: 314,4 | D37: 0.1375 | E37: Konstanta sistem | F37: 0.1 | I37: Snack | J37: 424.8 | K37: 0.1375 | L37: Konstanta sistem | M37: =J37/sum($J$34:$J$37) -> 0.14466694
B39: BAGIAN 5 — EVALUASI HARD CONSTRAINT
B40: 🔵 GA — Hard Constraint | I40: 🟢 Greedy — Hard Constraint
B41: Nutrisi | C41: Min – Max | D41: Aktual (diisi peneliti) | E41: Keterpenuhan (%) | F41: Keterangan | I41: Nutrisi | J41: Min – Max | K41: Aktual (diisi peneliti) | L41: Keterpenuhan (%)
B42: Energy (kcal) | C42: 2985.0 – 3299.2 | D42: 3098.5 | E42: 1 | I42: Energy (kcal) | J42: 2985.0 – 3299.2 | K42: 2936.4 | L42: 0.984
B43: Protein (g) | C43: 117.8 – 157.1 | D43: 131.7 | E43: 1 | I43: Protein (g) | J43: 117.8 – 157.1 | K43: 70.6 | L43: 0.599
B44: Fat (g) | C44: 87.3 – 104.7 | D44: 94.5 | E44: 1 | I44: Fat (g) | J44: 87.3 – 104.7 | K44: 99.6 | L44: 1
B45: Carbohydrate (g) | C45: 429.1 – 474.3 | D45: 455.93 | E45: 1 | I45: Carbohydrate (g) | J45: 429.1 – 474.3 | K45: 448.1 | L45: 1
B46: Sodium (mg) | C46: 1500.0 – 2300.0 | D46: 2051.81 | E46: 1 | I46: Sodium (mg) | J46: 1500.0 – 2300.0 | K46: 4273.1 | L46: =K46/2300 -> 1.8578696
B47: Sugar (g) | C47: ≤ 39.3 | D47: 32.64 | E47: 1 | I47: Sugar (g) | J47: ≤ 39.3 | K47: 10.1 | L47: 1
B48: Cholesterol (mg) | C48: ≤ 300.0 | D48: 194.19 | E48: 1 | I48: Cholesterol (mg) | J48: ≤ 300.0 | K48: 95.8 | L48: 1
B49: Saturated Fat (g) | C49: ≤ 34.9 | D49: 23.66 | E49: 1 | I49: Saturated Fat (g) | J49: ≤ 34.9 | K49: 25.3 | L49: 1
B51: BAGIAN 6 — EVALUASI SOFT CONSTRAINT (Vitamin & Mineral)
B52: 🔵 GA — Soft Constraint | I52: 🟢 Greedy — Soft Constraint
B53: Nutrisi | C53: Target (DRI) | D53: Aktual (diisi peneliti) | E53: Keterpenuhan (%) | F53: Keterangan | I53: Nutrisi | J53: Target (DRI) | K53: Aktual (diisi peneliti) | L53: Keterpenuhan (%)
B54: Vitamin A (mg RAE) | C54: 0.9 – 3.0 | D54: 0.19 | E54: 21,11% | I54: Vitamin A (mg RAE) | J54: 0.9 – 3.0 | K54: 0.1 | L54: 0.16
B55: Vitamin C (mg) | C55: 90.0 – 2000.0 | D55: 135.24 | E55: 1 | I55: Vitamin C (mg) | J55: 90.0 – 2000.0 | K55: 20.4 | L55: 0.226
B56: Vitamin D (mg) | C56: 0.0150 – 0.1 | D56: 0 | E56: 0 | I56: Vitamin D (mg) | J56: 0.0150 – 0.1 | K56: 0 | L56: 0
B57: Vitamin E (mg) | C57: 15.0 – 1000.0 | D57: 25.45 | E57: 1 | I57: Vitamin E (mg) | J57: 15.0 – 1000.0 | K57: 5.9 | L57: 0.396
B58: Vitamin K (mg) | C58: 0.1 | D58: 0.06 | E58: 0.5 | I58: Vitamin K (mg) | J58: 0.1 | K58: 0.056 | L58: 0.467
B59: Vitamin B1 (Thiamine) (mg) | C59: 1.2 | D59: 4.21 | E59: 1 | I59: Vitamin B1 (Thiamine) (mg) | J59: 1.2 | K59: 3.3 | L59: 1
B60: Vitamin B2 (Riboflavin) (mg) | C60: 1.3 | D60: 3.68 | E60: 1 | I60: Vitamin B2 (Riboflavin) (mg) | J60: 1.3 | K60: 2.8 | L60: 1
B61: Vitamin B3 (Niacin) (mg) | C61: 16.0 – 35.0 | D61: 34.36 | E61: 1 | I61: Vitamin B3 (Niacin) (mg) | J61: 16.0 – 35.0 | K61: 28 | L61: 1
B62: Vitamin B5 (Pantothenic Acid) (mg) | C62: 5 | D62: 7.58 | E62: 1 | I62: Vitamin B5 (Pantothenic Acid) (mg) | J62: 5 | K62: 4.3 | L62: 0.85
B63: Vitamin B6 (mg) | C63: 1.3 – 100.0 | D63: 4.83 | E63: 1 | I63: Vitamin B6 (mg) | J63: 1.3 – 100.0 | K63: 0.8 | L63: 0.607
B64: Vitamin B9 (Folate) (mg) | C64: 0.5 – 1.0 | D64: 0.95 | E64: 1 | I64: Vitamin B9 (Folate) (mg) | J64: 0.5 – 1.0 | K64: 0.9 | L64: 1
B65: Vitamin B12 (mg) | C65: 0.0024 | D65: 0.01 | E65: 1 | I65: Vitamin B12 (mg) | J65: 0.0024 | K65: 0.0015 | L65: 0.625
B66: Calcium (mg) | C66: 1000.0 – 2500.0 | D66: 1167.93 | E66: 1 | I66: Calcium (mg) | J66: 1000.0 – 2500.0 | K66: 1043.9 | L66: 1
B67: Iron / Zat Besi (mg) | C67: 8.0 – 45.0 | D67: 33.16 | E67: 1 | I67: Iron / Zat Besi (mg) | J67: 8.0 – 45.0 | K67: 24.7 | L67: 1
B68: Magnesium (mg) | C68: 400 | D68: 960.36 | E68: 1 | I68: Magnesium (mg) | J68: 400 | K68: 225.6 | L68: 0.564
B69: Phosphorus (mg) | C69: 700.0 – 4000.0 | D69: 3324.31 | E69: 1 | I69: Phosphorus (mg) | J69: 700.0 – 4000.0 | K69: 1189.2 | L69: 1
B70: Potassium (mg) | C70: 3400 | D70: 5678.96 | E70: 1 | I70: Potassium (mg) | J70: 3400 | K70: 1957.9 | L70: 0.576
B71: Zinc (mg) | C71: 11.0 – 40.0 | D71: 36.17 | E71: 1 | I71: Zinc (mg) | J71: 11.0 – 40.0 | K71: 6.5 | L71: 0.587
B72: Copper (mg) | C72: 0.9 – 10.0 | D72: 3.54 | E72: 1 | I72: Copper (mg) | J72: 0.9 – 10.0 | K72: 0.9 | L72: 1
B73: Manganese (mg) | C73: 2.3 – 11.0 | D73: 31.5 | E73: 2.8636364 | I73: Manganese (mg) | J73: 2.3 – 11.0 | K73: 3.5 | L73: 1
B74: Selenium (mg) | C74: 0.0550 – 0.4 | D74: 0.16 | E74: 1 | I74: Selenium (mg) | J74: 0.0550 – 0.4 | K74: 0.2 | L74: 1
B75: Air / Water (ml) | C75: 3700 | D75: 740.61 | E75: 0.2001649 | I75: Air / Water (ml) | J75: 3700 | K75: 462 | L75: 0.125
B76: Serat / Fiber (g) | C76: 38 | D76: 37.63 | E76: 0.9902632 | I76: Serat / Fiber (g) | J76: 38 | K76: 35.8 | L76: 0.941
B78: BAGIAN 7 — FORM PENILAIAN AHLI GIZI ★
B79: Petunjuk: Klik sel kolom SKOR lalu pilih nilai 1–5 dari dropdown. Kolom Interpretasi terisi otomatis.
B80: Kode | C80: Kriteria Penilaian | D80: Pertanyaan Panduan | E80: Skor (1-5) | F80: Interpretasi GA | G80: Catatan (GA) | I80: Kode | J80: Kriteria Penilaian | K80: Pertanyaan Panduan | L80: Skor (1-5) | M80: Interpretasi Greedy | N80: Catatan (Greedy)
B81: A | C81: Kesesuaian dengan Kondisi Penyakit | D81: Apakah menu yang dihasilkan sudah sesuai dengan kebutuhan pasien pada kondisi penyakit tersebut? | E81: 4 | F81: =IF(ISBLANK(E81),"— Belum diisi",IF(E81=1,"Sangat Tidak Sesuai",IF(E81=2,"Tidak Sesuai",IF(E81=3,"Cukup Sesuai",IF(E81=4,"Sesuai",IF(E81=5,"Sangat Sesuai","—")))))) -> Sesuai | G81: Karena kondisi pasien normal jadi tidak ada batasan makanan yang signifikan | I81: A | J81: Kesesuaian dengan Kondisi Penyakit | K81: Apakah menu yang dihasilkan sudah sesuai dengan kebutuhan pasien pada kondisi penyakit tersebut? | L81: 4 | M81: =IF(ISBLANK(L81),"— Belum diisi",IF(L81=1,"Sangat Tidak Sesuai",IF(L81=2,"Tidak Sesuai",IF(L81=3,"Cukup Sesuai",IF(L81=4,"Sesuai",IF(L81=5,"Sangat Sesuai","—")))))) -> Sesuai | N81: Karena kondisi pasien normal jadi tidak ada batasan makanan yang signifikan
B82: B | C82: Kesesuaian Kebutuhan Energi | D82: Apakah total energi harian yang diberikan sudah sesuai dengan kebutuhan pengguna? | E82: 3 | F82: =IF(ISBLANK(E82),"— Belum diisi",IF(E82=1,"Sangat Tidak Sesuai",IF(E82=2,"Tidak Sesuai",IF(E82=3,"Cukup Sesuai",IF(E82=4,"Sesuai",IF(E82=5,"Sangat Sesuai","—")))))) -> Cukup Sesuai | G82: TDEE terlalu besar, untuk laki-laki normal masih bisa di 2.500-3.000 kkal | I82: B | J82: Kesesuaian Kebutuhan Energi | K82: Apakah total energi harian yang diberikan sudah sesuai dengan kebutuhan pengguna? | L82: 3 | M82: =IF(ISBLANK(L82),"— Belum diisi",IF(L82=1,"Sangat Tidak Sesuai",IF(L82=2,"Tidak Sesuai",IF(L82=3,"Cukup Sesuai",IF(L82=4,"Sesuai",IF(L82=5,"Sangat Sesuai","—")))))) -> Cukup Sesuai | N82: TDEE terlalu besar, untuk laki-laki normal masih bisa di 2.500-3.000 kkal
B83: C | C83: Kesesuaian Distribusi Makronutrien | D83: Apakah distribusi karbohidrat, protein, dan lemak sudah proporsional dan sesuai standar? | E83: 3 | F83: =IF(ISBLANK(E83),"— Belum diisi",IF(E83=1,"Sangat Tidak Sesuai",IF(E83=2,"Tidak Sesuai",IF(E83=3,"Cukup Sesuai",IF(E83=4,"Sesuai",IF(E83=5,"Sangat Sesuai","—")))))) -> Cukup Sesuai | G83: Karena TDEE terlalu besar, distribusi makronutriennya pun berpengaruh menjadi besar | I83: C | J83: Kesesuaian Distribusi Makronutrien | K83: Apakah distribusi karbohidrat, protein, dan lemak sudah proporsional dan sesuai standar? | L83: 3 | M83: =IF(ISBLANK(L83),"— Belum diisi",IF(L83=1,"Sangat Tidak Sesuai",IF(L83=2,"Tidak Sesuai",IF(L83=3,"Cukup Sesuai",IF(L83=4,"Sesuai",IF(L83=5,"Sangat Sesuai","—")))))) -> Cukup Sesuai | N83: Karena TDEE terlalu besar, distribusi makronutriennya pun berpengaruh menjadi besar. Persentase keterpenuhan protein masih kurang perlu ada tambahan lagi
B84: D | C84: Kesesuaian Pembatasan Nutrisi Khusus | D84: Apakah pembatasan nutrisi spesifik per penyakit sudah diterapkan dengan tepat? | E84: 4 | F84: =IF(ISBLANK(E84),"— Belum diisi",IF(E84=1,"Sangat Tidak Sesuai",IF(E84=2,"Tidak Sesuai",IF(E84=3,"Cukup Sesuai",IF(E84=4,"Sesuai",IF(E84=5,"Sangat Sesuai","—")))))) -> Sesuai | G84: Karena kondisi pasien normal jadi tidak ada batasan makanan yang signifikan | I84: D | J84: Kesesuaian Pembatasan Nutrisi Khusus | K84: Apakah pembatasan nutrisi spesifik per penyakit sudah diterapkan dengan tepat? | L84: 4 | M84: =IF(ISBLANK(L84),"— Belum diisi",IF(L84=1,"Sangat Tidak Sesuai",IF(L84=2,"Tidak Sesuai",IF(L84=3,"Cukup Sesuai",IF(L84=4,"Sesuai",IF(L84=5,"Sangat Sesuai","—")))))) -> Sesuai | N84: Karena kondisi pasien normal jadi tidak ada batasan makanan yang signifikan
B85: E | C85: Realisme Menu | D85: Apakah kombinasi makanan dalam menu realistis dan lazim untuk dikonsumsi sehari-hari? | E85: 3 | F85: =IF(ISBLANK(E85),"— Belum diisi",IF(E85=1,"Sangat Tidak Sesuai",IF(E85=2,"Tidak Sesuai",IF(E85=3,"Cukup Sesuai",IF(E85=4,"Sesuai",IF(E85=5,"Sangat Sesuai","—")))))) -> Cukup Sesuai | G85: beberapa menu perlu diubah, karena kebutuhan protein dan sayurnya kurang | I85: E | J85: Realisme Menu | K85: Apakah kombinasi makanan dalam menu realistis dan lazim untuk dikonsumsi sehari-hari? | L85: 3 | M85: =IF(ISBLANK(L85),"— Belum diisi",IF(L85=1,"Sangat Tidak Sesuai",IF(L85=2,"Tidak Sesuai",IF(L85=3,"Cukup Sesuai",IF(L85=4,"Sesuai",IF(L85=5,"Sangat Sesuai","—")))))) -> Cukup Sesuai | N85: beberapa menu perlu diubah, karena kebutuhan protein dan sayurnya kurang
B86: F | C86: Variasi dan Keberterimaan Menu | D86: Apakah menu cukup bervariasi antar waktu makan dan dapat diterima pengguna umum? | E86: 3 | F86: =IF(ISBLANK(E86),"— Belum diisi",IF(E86=1,"Sangat Tidak Sesuai",IF(E86=2,"Tidak Sesuai",IF(E86=3,"Cukup Sesuai",IF(E86=4,"Sesuai",IF(E86=5,"Sangat Sesuai","—")))))) -> Cukup Sesuai | G86: terdapat menu yang kurang variatif karena terdapat pengulangan bahan dalam 1x makan | I86: F | J86: Variasi dan Keberterimaan Menu | K86: Apakah menu cukup bervariasi antar waktu makan dan dapat diterima pengguna umum? | L86: 3 | M86: =IF(ISBLANK(L86),"— Belum diisi",IF(L86=1,"Sangat Tidak Sesuai",IF(L86=2,"Tidak Sesuai",IF(L86=3,"Cukup Sesuai",IF(L86=4,"Sesuai",IF(L86=5,"Sangat Sesuai","—")))))) -> Cukup Sesuai | N86: pengulangan drink dalam 3x makan, bisa dibuat lebih variatif
B87: G | C87: Penilaian Keseluruhan | D87: Secara keseluruhan, apakah menu yang dihasilkan sistem layak direkomendasikan kepada pengguna? | E87: 3 | F87: =IF(ISBLANK(E87),"— Belum diisi",IF(E87=1,"Sangat Tidak Sesuai",IF(E87=2,"Tidak Sesuai",IF(E87=3,"Cukup Sesuai",IF(E87=4,"Sesuai",IF(E87=5,"Sangat Sesuai","—")))))) -> Cukup Sesuai | G87: cukup sesuai dengan beberapa catatan | I87: G | J87: Penilaian Keseluruhan | K87: Secara keseluruhan, apakah menu yang dihasilkan sistem layak direkomendasikan kepada pengguna? | L87: 3 | M87: =IF(ISBLANK(L87),"— Belum diisi",IF(L87=1,"Sangat Tidak Sesuai",IF(L87=2,"Tidak Sesuai",IF(L87=3,"Cukup Sesuai",IF(L87=4,"Sesuai",IF(L87=5,"Sangat Sesuai","—")))))) -> Cukup Sesuai | N87: cukup sesuai dengan beberapa catatan
B88: H | C88: Kesesuaian Porsi dan Ukuran Sajian | D88: Apakah ukuran porsi (g/ml) yang direkomendasikan realistis dan sesuai standar gizi klinis? | E88: 3 | F88: =IF(ISBLANK(E88),"— Belum diisi",IF(E88=1,"Sangat Tidak Sesuai",IF(E88=2,"Tidak Sesuai",IF(E88=3,"Cukup Sesuai",IF(E88=4,"Sesuai",IF(E88=5,"Sangat Sesuai","—")))))) -> Cukup Sesuai | G88: terdapat menu yang terlalu besar porsinya, masih bisa dikurangi | I88: H | J88: Kesesuaian Porsi dan Ukuran Sajian | K88: Apakah ukuran porsi (g/ml) yang direkomendasikan realistis dan sesuai standar gizi klinis? | L88: 4 | M88: =IF(ISBLANK(L88),"— Belum diisi",IF(L88=1,"Sangat Tidak Sesuai",IF(L88=2,"Tidak Sesuai",IF(L88=3,"Cukup Sesuai",IF(L88=4,"Sesuai",IF(L88=5,"Sangat Sesuai","—")))))) -> Sesuai
B89: I | C89: Ketepatan Distribusi Waktu Makan | D89: Apakah pembagian kalori per waktu makan (Sarapan 23,75% · Siang 33,75% · Malam 28,75% · Snack 13,75%) sudah sesuai pedoman gizi klinis? | E89: 4 | F89: =IF(ISBLANK(E89),"— Belum diisi",IF(E89=1,"Sangat Tidak Sesuai",IF(E89=2,"Tidak Sesuai",IF(E89=3,"Cukup Sesuai",IF(E89=4,"Sesuai",IF(E89=5,"Sangat Sesuai","—")))))) -> Sesuai | I89: I | J89: Ketepatan Distribusi Waktu Makan | K89: Apakah pembagian kalori per waktu makan (Sarapan 23,75% · Siang 33,75% · Malam 28,75% · Snack 13,75%) sudah sesuai pedoman gizi klinis? | L89: 4 | M89: =IF(ISBLANK(L89),"— Belum diisi",IF(L89=1,"Sangat Tidak Sesuai",IF(L89=2,"Tidak Sesuai",IF(L89=3,"Cukup Sesuai",IF(L89=4,"Sesuai",IF(L89=5,"Sangat Sesuai","—")))))) -> Sesuai
B90: RATA-RATA SKOR KESELURUHAN (Case ini) | E90: =IFERROR(AVERAGE(E81,E82,E83,E84,E85,E86,E87,E88,E89),"—") -> 3.3333333 | F90: =IF(ISNUMBER(E90),IF(E90<2,"Sangat Tidak Sesuai",IF(E90<3,"Tidak Sesuai",IF(E90<4,"Cukup Sesuai",IF(E90<4.6,"Sesuai","Sangat Sesuai")))),"—") -> Cukup Sesuai | I90: RATA-RATA SKOR KESELURUHAN (Case ini) | L90: =IFERROR(AVERAGE(L81,L82,L83,L84,L85,L86,L87,L88,L89),"—") -> 3.4444444 | M90: =IF(ISNUMBER(L90),IF(L90<2,"Sangat Tidak Sesuai",IF(L90<3,"Tidak Sesuai",IF(L90<4,"Cukup Sesuai",IF(L90<4.6,"Sesuai","Sangat Sesuai")))),"—") -> Cukup Sesuai
B92: BAGIAN 8 — KOMENTAR DAN SARAN AHLI GIZI
B93: 🔵 Komentar untuk GA | I93: 🟢 Komentar untuk Greedy
B94: Catatan Klinis Menu | I94: Catatan Klinis Menu
B95: → Adakah item makanan dalam menu ini yang tidak lazim, berpotensi kontraindikasi, atau perlu diganti dari sudut pandang klinis? | I95: → Adakah item makanan dalam menu ini yang tidak lazim, berpotensi kontraindikasi, atau perlu diganti dari sudut pandang klinis?
B96: Karena pasien dalam kondisi sehat dan status gizi normal sehingga dapat menerima makanan apapun, namun diharapkan komponen makanannya bisa memenuhi kebutuhan asupannya dari karbo, protein hewani/nabati, sayur | I96: Karena pasien dalam kondisi sehat dan status gizi normal sehingga dapat menerima makanan apapun, namun diharapkan komponen makanannya bisa memenuhi kebutuhan asupannya dari karbo, protein hewani/nabati, sayur
B101: Kesesuaian Panduan Gizi | I101: Kesesuaian Panduan Gizi
B102: → Apakah rekomendasi nutrisi yang diterapkan sudah selaras dengan pedoman gizi klinis yang Bapak/Ibu gunakan dalam praktik? Jika tidak, pedoman apa yang lebih tepat? | I102: → Apakah rekomendasi nutrisi yang diterapkan sudah selaras dengan pedoman gizi klinis yang Bapak/Ibu gunakan dalam praktik? Jika tidak, pedoman apa yang lebih tepat?
B103: Beberapa menu makanan dalam 1x makan belum memenuhi pedoman gizi seimbang dan terdapat menu yang doubel karbo. Pastikan menu variatif dan memenuhi pedoman gizi seimbang | I103: Beberapa menu makanan dalam 1x makan belum memenuhi pedoman gizi seimbang dan terdapat menu yang doubel karbo. Pastikan menu variatif dan memenuhi pedoman gizi seimbang
B108: Kelayakan Implementasi Klinis | I108: Kelayakan Implementasi Klinis
B109: → Apakah output sistem ini realistis untuk dijadikan acuan awal dalam konseling gizi di fasilitas kesehatan? Apa saran atau catatannya? | I109: → Apakah output sistem ini realistis untuk dijadikan acuan awal dalam konseling gizi di fasilitas kesehatan? Apa saran atau catatannya?
B110: realistis namun dengan catatan, terutama dalam penyesuaian menu | I110: realistis namun dengan catatan, terutama dalam penyesuaian menu

Sheet Case 2
B2: CASE 2 — DIABETES MELITUS TYPE 2
B5: BAGIAN 1 — PROFIL USER | D5: BAGIAN 2 — KEBUTUHAN NUTRISI USER
B6: Usia | C6: 28 | D6: BMR (kcal) | E6: 1657,5
B7: Jenis Kelamin | C7: Pria | D7: TDEE (kcal) | E7: 2200
B8: Berat Badan (kg) | C8: 68 | D8: Energi Harian (kcal) | E8: 1800.0 – 2200.0
B9: Tinggi Badan (cm) | C9: 178 | D9: Protein (g) | E9: 66.0 – 82.5
B10: Tingkat Aktivitas | C10: Sedang | D10: Lemak / Fat (g) | E10: ≤ 73.3
B11: Kondisi Penyakit | C11: DM2 | D11: Karbohidrat (g) | E11: 274.3 – 303.2
D12: Air / Water (ml) | E12: ≥ 3700.0
B14: BAGIAN 3 — MENU YANG DIREKOMENDASIKAN SISTEM
B15: 🔵 GENETIC ALGORITHM (GA) | I15: 🟢 GREEDY ALGORITHM
B16: Waktu Makan | C16: Menu / Makanan | D16: Porsi (g/ml) | E16: Kalori (kcal) | F16: (diisi peneliti) | I16: Waktu Makan | J16: Menu / Makanan | K16: Porsi (g/ml) | L16: Kalori (kcal) | M16: (diisi peneliti)
B17: Breakfast — Main Course 1 | C17: Fish Sandwich with Tartar Sauce | D17: 113 | E17: 315.3 | I17: Breakfast — Main Course 1 | J17: Salmon Nuggets | K17: 138g | L17: 260,8 | M17: sebaiknya tidak menggunakan produk olahan
B18: Breakfast — Side Dish 1 | C18: Baked Butternut Squash | D18: 112 | E18: 44.8 | I18: Breakfast — Side Dish 1 | J18: Poi | K18: 137g | L18: 153,4 | M18: kurang sayur
B19: Breakfast — Drink 1 | C19: Canned Purple Plums | D19: 112 | E19: 113.1 | F19: diganti saja, menu ini tinggi gula (39 gr) | I19: Breakfast — Drink 1 | J19: Canned Purple Plums | K19: 100ml | L19: 101 | M19: diganti saja, menu ini tinggi gula (39 gr)
B21: Lunch — Main Course 1 | C21: Rice and Black Beans | D21: 246 | E21: 371.5 | F21: bisa dikurangi porsinya | I21: Lunch — Main Course 1 | J21: Cheese Pizza | K21: 139g | L21: 361,4 | M21: sebaiknya tidak menggunakan produk olahan
B22: Lunch — Side Dish 1 | C22: Homemade Hummus | D22: 126 | E22: 223 | I22: Lunch — Side Dish 1 | J22: Homemade Hummus | K22: 121g | L22: 214,2 | M22: kurang sayur
B23: Lunch — Drink 1 | C23: Evaporated Milk | D23: 111 | E23: 148.7 | I23: Lunch — Drink 1 | J23: Canned Purple Plums | K23: 138ml | L23: 139,4 | M23: diganti saja, menu ini tinggi gula (39 gr)
B25: Dinner — Main Course 1 | C25: Breaded Salmon Nuggets | D25: 123 | E25: 260.8 | F25: sebaiknya tidak menggunakan produk olahan | I25: Dinner — Main Course 1 | J25: Bean Pupusas | K25: 132g | L25: 302,3 | M25: apakah sudah termasuk sayur?
B26: Dinner — Side Dish 1 | C26: Cowpeas | D26: 122 | E26: 118.3 | F26: karbo dan sayur belum ada | I26: Dinner — Side Dish 1 | J26: Cottage-Cut French Fries | K26: 83g | L26: 180,9
B27: Dinner — Drink 1 | C27: Lowfat Milk | D27: 122 | E27: 58.6 | I27: Dinner — Drink 1 | J27: Strawberry Shake | K27: 108ml | L27: 122
B29: Snack — Option 1 | C29: Roasted Chestnuts | D29: 127 | E29: 303.5 | I29: Snack — Option 1 | J29: Plain Melba Toast | K29: 78g | L29: 304,2
B31: BAGIAN 4 — DISTRIBUSI KALORI PER WAKTU MAKAN
B32: 🔵 GA — Distribusi Kalori | I32: 🟢 Greedy — Distribusi Kalori
B33: Waktu Makan | C33: Kalori (kcal) | D33: % Target | E33: Keterangan | F33: Aktual | G33: Keterangan | I33: Waktu Makan | J33: Kalori (kcal) | K33: % Target | L33: Keterangan | M33: Aktual | N33: Keterangan
B34: Breakfast (Sarapan) | C34: 473,2 | D34: 23,75% | E34: Konstanta sistem | F34: 0.215 | I34: Breakfast (Sarapan) | J34: 515.2 | K34: 0.2375 | L34: Konstanta sistem | M34: =J34/sum($J$34:$J$37) -> 0.24079267
B35: Lunch (Makan Siang) | C35: 743,2 | D35: 33,75% | E35: Konstanta sistem | F35: 0.338 | I35: Lunch (Makan Siang) | J35: 715 | K35: 0.3375 | L35: Konstanta sistem | M35: =J35/sum($J$34:$J$37) -> 0.33417461
B36: Dinner (Makan Malam) | C36: 437,7 | D36: 28,75% | E36: Konstanta sistem | F36: 0.199 | I36: Dinner (Makan Malam) | J36: 605.2 | K36: 0.2875 | L36: Konstanta sistem | M36: =J36/sum($J$34:$J$37) -> 0.28285661
B37: Snack | C37: 303,5 | D37: 13,75% | E37: Konstanta sistem | F37: 0.138 | I37: Snack | J37: 304.2 | K37: 0.1375 | L37: Konstanta sistem | M37: =J37/sum($J$34:$J$37) -> 0.14217611
B39: BAGIAN 5 — EVALUASI HARD CONSTRAINT
B40: 🔵 GA — Hard Constraint | I40: 🟢 Greedy — Hard Constraint
B41: Nutrisi | C41: Min – Max | D41: Aktual (diisi peneliti) | E41: Keterpenuhan (%) | F41: Keterangan | I41: Nutrisi | J41: Min – Max | K41: Aktual (diisi peneliti) | L41: Keterpenuhan (%)
B42: Energy (kcal) | C42: 1800.0 – 2200.0 | D42: 1957.6 | E42: 1 | I42: Energy (kcal) | J42: 1800.0 – 2200.0 | K42: 2139.6 | L42: 1
B43: Protein (g) | C43: 66.0 – 82.5 | D43: 69.18 | E43: 1 | I43: Protein (g) | J43: 66.0 – 82.5 | K43: 64.3 | L43: 0.975
B44: Fat (g) | C44: ≤ 73.3 | D44: 63.25 | E44: 1 | I44: Fat (g) | J44: ≤ 73.3 | K44: 61.6 | L44: 1
B45: Carbohydrate (g) | C45: 274.3 – 303.2 | D45: 282.74 | E45: 1 | I45: Carbohydrate (g) | J45: 274.3 – 303.2 | K45: 336.3 | L45: =K45/303.2 -> 1.1091689
B46: Sodium (mg) | C46: ≤ 2300.0 | D46: 2265.47 | E46: 1 | I46: Sodium (mg) | J46: ≤ 2300.0 | K46: 1902.2 | L46: 1
B47: Sugar (g) | C47: ≤ 27.5 | D47: 23.9 | E47: 1 | I47: Sugar (g) | J47: ≤ 27.5 | K47: 9.7 | L47: 1
B48: Cholesterol (mg) | C48: ≤ 300.0 | D48: 110.86 | E48: 1 | I48: Cholesterol (mg) | J48: ≤ 300.0 | K48: 71.4 | L48: 1
B49: Serat / Fiber (g) | C49: 20.0 – 35.0 | D49: 25.1 | E49: 1 | I49: Serat / Fiber (g) | J49: 20.0 – 35.0 | K49: 26.9 | L49: 1
B50: vitamin_c_mg | C50: 75.0 – 90.0 | D50: 84.03 | E50: 1 | I50: vitamin_c_mg | J50: 75.0 – 90.0 | K50: 27.4 | L50: 0.365
B51: vitamin_a_rae_mg | C51: 0.7 – 0.9 | D51: 0.84 | E51: 1 | I51: vitamin_a_rae_mg | J51: 0.7 – 0.9 | K51: 0.2 | L51: 0.227
B52: Vitamin B6 | C52: 1.3 | D52: 1.91 | E52: 1 | I52: Vitamin B6 | J52: 1.3 | K52: 1.9 | L52: 1
B53: Vitamin B12 | C53: 0.0024 | D53: 0 | E53: 0 | I53: Vitamin B12 | J53: 0.0024 | K53: 0.0043 | L53: 1
B54: Iron / Zat Besi (mg) | C54: 8.0 – 18.0 | D54: 14.26 | E54: 1 | I54: Iron / Zat Besi (mg) | J54: 8.0 – 18.0 | K54: 15.7 | L54: 1
B55: zinc_mg | C55: 8.0 – 11.0 | D55: 8.56 | E55: 1 | I55: zinc_mg | J55: 8.0 – 11.0 | K55: 7.8 | L55: 0.974
B56: Calcium (mg) | C56: 950.0 – 1050.0 | D56: 997.44 | E56: 1 | I56: Calcium (mg) | J56: 950.0 – 1050.0 | K56: 631.3 | L56: 0.665
B57: Potassium (mg) | C57: 2600.0 – 3400.0 | D57: 3310.01 | E57: 1 | I57: Potassium (mg) | J57: 2600.0 – 3400.0 | K57: 2292.4 | L57: 0.882
B58: Saturated Fat (g) | C58: ≤ 24.4 | D58: 14.72 | E58: 1 | I58: Saturated Fat (g) | J58: ≤ 24.4 | K58: 17.2 | L58: 1
B60: BAGIAN 6 — EVALUASI SOFT CONSTRAINT (Vitamin & Mineral)
B61: 🔵 GA — Soft Constraint | I61: 🟢 Greedy — Soft Constraint
B62: Nutrisi | C62: Target (DRI) | D62: Aktual (diisi peneliti) | E62: Keterpenuhan (%) | F62: Keterangan | I62: Nutrisi | J62: Target (DRI) | K62: Aktual (diisi peneliti) | L62: Keterpenuhan (%)
B63: Vitamin D (mg) | C63: 0.0150 – 0.1 | D63: 0 | E63: 0 | I63: Vitamin D (mg) | J63: 0.0150 – 0.1 | K63: 0 | L63: 0
B64: Vitamin E (mg) | C64: 15.0 – 1000.0 | D64: 5.1 | E64: 0.34 | I64: Vitamin E (mg) | J64: 15.0 – 1000.0 | K64: 5.5 | L64: 0.369
B65: Vitamin K (mg) | C65: 0.1 | D65: 0.07 | E65: 0.5833333 | I65: Vitamin K (mg) | J65: 0.1 | K65: 0.0252 | L65: 0.21
B66: Vitamin B1 (Thiamine) (mg) | C66: 1.2 | D66: 1.45 | E66: 1 | I66: Vitamin B1 (Thiamine) (mg) | J66: 1.2 | K66: 1.5 | L66: 1
B67: Vitamin B2 (Riboflavin) (mg) | C67: 1.3 | D67: 1.5 | E67: 1 | I67: Vitamin B2 (Riboflavin) (mg) | J67: 1.3 | K67: 1.2 | L67: 0.946
B68: Vitamin B3 (Niacin) (mg) | C68: 16.0 – 35.0 | D68: 16.54 | E68: 1 | I68: Vitamin B3 (Niacin) (mg) | J68: 16.0 – 35.0 | K68: 20.2 | L68: 1
B69: Vitamin B5 (Pantothenic Acid) (mg) | C69: 5 | D69: 4.51 | E69: 0.902 | I69: Vitamin B5 (Pantothenic Acid) (mg) | J69: 5 | K69: 4 | L69: 0.808
B70: Vitamin B9 (Folate) (mg) | C70: 0.5 – 1.0 | D70: 0.43 | E70: 0.86 | I70: Vitamin B9 (Folate) (mg) | J70: 0.5 – 1.0 | K70: 0.4 | L70: 0.756
B71: Magnesium (mg) | C71: 400 | D71: 417.59 | E71: 1 | I71: Magnesium (mg) | J71: 400 | K71: 293.2 | L71: 0.733
B72: Phosphorus (mg) | C72: 700.0 – 4000.0 | D72: 1320.1 | E72: 1 | I72: Phosphorus (mg) | J72: 700.0 – 4000.0 | K72: 1289.6 | L72: 1
B73: Copper (mg) | C73: 0.9 – 10.0 | D73: 1.63 | E73: 1 | I73: Copper (mg) | J73: 0.9 – 10.0 | K73: 1.6 | L73: 1
B74: Manganese (mg) | C74: 2.3 – 11.0 | D74: 5.35 | E74: 1 | I74: Manganese (mg) | J74: 2.3 – 11.0 | K74: 3.6 | L74: 1
B75: Selenium (mg) | C75: 0.0550 – 0.4 | D75: 0.06 | E75: 1 | I75: Selenium (mg) | J75: 0.0550 – 0.4 | K75: 0.0641 | L75: 1
B76: Air / Water (ml) | C76: 3700 | D76: 882.46 | E76: 0.2385027 | I76: Air / Water (ml) | J76: 3700 | K76: 696.7 | L76: 0.188
B78: BAGIAN 7 — FORM PENILAIAN AHLI GIZI ★
B79: Petunjuk: Klik sel kolom SKOR lalu pilih nilai 1–5 dari dropdown. Kolom Interpretasi terisi otomatis.
B80: Kode | C80: Kriteria Penilaian | D80: Pertanyaan Panduan | E80: Skor (1-5) | F80: Interpretasi GA | G80: Catatan (GA) | I80: Kode | J80: Kriteria Penilaian | K80: Pertanyaan Panduan | L80: Skor (1-5) | M80: Interpretasi Greedy | N80: Catatan (Greedy)
B81: A | C81: Kesesuaian dengan Kondisi Penyakit | D81: Apakah menu yang dihasilkan sudah sesuai dengan kebutuhan pasien pada kondisi penyakit tersebut? | E81: 3 | F81: =IF(ISBLANK(E81),"— Belum diisi",IF(E81=1,"Sangat Tidak Sesuai",IF(E81=2,"Tidak Sesuai",IF(E81=3,"Cukup Sesuai",IF(E81=4,"Sesuai",IF(E81=5,"Sangat Sesuai","—")))))) -> Cukup Sesuai | G81: cukup sesuai namun ada menu yang belum lengkap komponennya dengan gizi seimbang | I81: A | J81: Kesesuaian dengan Kondisi Penyakit | K81: Apakah menu yang dihasilkan sudah sesuai dengan kebutuhan pasien pada kondisi penyakit tersebut? | L81: 3 | M81: =IF(ISBLANK(L81),"— Belum diisi",IF(L81=1,"Sangat Tidak Sesuai",IF(L81=2,"Tidak Sesuai",IF(L81=3,"Cukup Sesuai",IF(L81=4,"Sesuai",IF(L81=5,"Sangat Sesuai","—")))))) -> Cukup Sesuai | N81: cukup sesuai namun ada menu yang belum lengkap komponennya dengan gizi seimbang
B82: B | C82: Kesesuaian Kebutuhan Energi | D82: Apakah total energi harian yang diberikan sudah sesuai dengan kebutuhan pengguna? | E82: 3 | F82: =IF(ISBLANK(E82),"— Belum diisi",IF(E82=1,"Sangat Tidak Sesuai",IF(E82=2,"Tidak Sesuai",IF(E82=3,"Cukup Sesuai",IF(E82=4,"Sesuai",IF(E82=5,"Sangat Sesuai","—")))))) -> Cukup Sesuai | G82: apakah menggunakan rumus perkeni? | I82: B | J82: Kesesuaian Kebutuhan Energi | K82: Apakah total energi harian yang diberikan sudah sesuai dengan kebutuhan pengguna? | L82: 3 | M82: =IF(ISBLANK(L82),"— Belum diisi",IF(L82=1,"Sangat Tidak Sesuai",IF(L82=2,"Tidak Sesuai",IF(L82=3,"Cukup Sesuai",IF(L82=4,"Sesuai",IF(L82=5,"Sangat Sesuai","—")))))) -> Cukup Sesuai
B83: C | C83: Kesesuaian Distribusi Makronutrien | D83: Apakah distribusi karbohidrat, protein, dan lemak sudah proporsional dan sesuai standar? | E83: 4 | F83: =IF(ISBLANK(E83),"— Belum diisi",IF(E83=1,"Sangat Tidak Sesuai",IF(E83=2,"Tidak Sesuai",IF(E83=3,"Cukup Sesuai",IF(E83=4,"Sesuai",IF(E83=5,"Sangat Sesuai","—")))))) -> Sesuai | I83: C | J83: Kesesuaian Distribusi Makronutrien | K83: Apakah distribusi karbohidrat, protein, dan lemak sudah proporsional dan sesuai standar? | L83: 3 | M83: =IF(ISBLANK(L83),"— Belum diisi",IF(L83=1,"Sangat Tidak Sesuai",IF(L83=2,"Tidak Sesuai",IF(L83=3,"Cukup Sesuai",IF(L83=4,"Sesuai",IF(L83=5,"Sangat Sesuai","—")))))) -> Cukup Sesuai | N83: % keterpenuhan karbohidrat bisa dikurangi, max kan di 100% karena penderita DM terdapat batasan KH dan gula
B84: D | C84: Kesesuaian Pembatasan Nutrisi Khusus | D84: Apakah pembatasan nutrisi spesifik per penyakit sudah diterapkan dengan tepat? | E84: 4 | F84: =IF(ISBLANK(E84),"— Belum diisi",IF(E84=1,"Sangat Tidak Sesuai",IF(E84=2,"Tidak Sesuai",IF(E84=3,"Cukup Sesuai",IF(E84=4,"Sesuai",IF(E84=5,"Sangat Sesuai","—")))))) -> Sesuai | I84: D | J84: Kesesuaian Pembatasan Nutrisi Khusus | K84: Apakah pembatasan nutrisi spesifik per penyakit sudah diterapkan dengan tepat? | L84: 4 | M84: =IF(ISBLANK(L84),"— Belum diisi",IF(L84=1,"Sangat Tidak Sesuai",IF(L84=2,"Tidak Sesuai",IF(L84=3,"Cukup Sesuai",IF(L84=4,"Sesuai",IF(L84=5,"Sangat Sesuai","—")))))) -> Sesuai
B85: E | C85: Realisme Menu | D85: Apakah kombinasi makanan dalam menu realistis dan lazim untuk dikonsumsi sehari-hari? | E85: 3 | F85: =IF(ISBLANK(E85),"— Belum diisi",IF(E85=1,"Sangat Tidak Sesuai",IF(E85=2,"Tidak Sesuai",IF(E85=3,"Cukup Sesuai",IF(E85=4,"Sesuai",IF(E85=5,"Sangat Sesuai","—")))))) -> Cukup Sesuai | G85: terdapat menu yang perlu diubah, karena kebutuhan karbo dan sayurnya kurang | I85: E | J85: Realisme Menu | K85: Apakah kombinasi makanan dalam menu realistis dan lazim untuk dikonsumsi sehari-hari? | L85: 3 | M85: =IF(ISBLANK(L85),"— Belum diisi",IF(L85=1,"Sangat Tidak Sesuai",IF(L85=2,"Tidak Sesuai",IF(L85=3,"Cukup Sesuai",IF(L85=4,"Sesuai",IF(L85=5,"Sangat Sesuai","—")))))) -> Cukup Sesuai | N85: terdapat menu yang perlu diubah karena produk olahan dan kurang sayur
B86: F | C86: Variasi dan Keberterimaan Menu | D86: Apakah menu cukup bervariasi antar waktu makan dan dapat diterima pengguna umum? | E86: 3 | F86: =IF(ISBLANK(E86),"— Belum diisi",IF(E86=1,"Sangat Tidak Sesuai",IF(E86=2,"Tidak Sesuai",IF(E86=3,"Cukup Sesuai",IF(E86=4,"Sesuai",IF(E86=5,"Sangat Sesuai","—")))))) -> Cukup Sesuai | G86: menu sudah variatif | I86: F | J86: Variasi dan Keberterimaan Menu | K86: Apakah menu cukup bervariasi antar waktu makan dan dapat diterima pengguna umum? | L86: 3 | M86: =IF(ISBLANK(L86),"— Belum diisi",IF(L86=1,"Sangat Tidak Sesuai",IF(L86=2,"Tidak Sesuai",IF(L86=3,"Cukup Sesuai",IF(L86=4,"Sesuai",IF(L86=5,"Sangat Sesuai","—")))))) -> Cukup Sesuai | N86: menu sudah variatif
B87: G | C87: Penilaian Keseluruhan | D87: Secara keseluruhan, apakah menu yang dihasilkan sistem layak direkomendasikan kepada pengguna? | E87: 3 | F87: =IF(ISBLANK(E87),"— Belum diisi",IF(E87=1,"Sangat Tidak Sesuai",IF(E87=2,"Tidak Sesuai",IF(E87=3,"Cukup Sesuai",IF(E87=4,"Sesuai",IF(E87=5,"Sangat Sesuai","—")))))) -> Cukup Sesuai | G87: cukup sesuai dengan beberapa catatan | I87: G | J87: Penilaian Keseluruhan | K87: Secara keseluruhan, apakah menu yang dihasilkan sistem layak direkomendasikan kepada pengguna? | L87: 3 | M87: =IF(ISBLANK(L87),"— Belum diisi",IF(L87=1,"Sangat Tidak Sesuai",IF(L87=2,"Tidak Sesuai",IF(L87=3,"Cukup Sesuai",IF(L87=4,"Sesuai",IF(L87=5,"Sangat Sesuai","—")))))) -> Cukup Sesuai | N87: cukup sesuai dengan beberapa catatan
B88: H | C88: Kesesuaian Porsi dan Ukuran Sajian | D88: Apakah ukuran porsi (g/ml) yang direkomendasikan realistis dan sesuai standar gizi klinis? | E88: 3 | F88: =IF(ISBLANK(E88),"— Belum diisi",IF(E88=1,"Sangat Tidak Sesuai",IF(E88=2,"Tidak Sesuai",IF(E88=3,"Cukup Sesuai",IF(E88=4,"Sesuai",IF(E88=5,"Sangat Sesuai","—")))))) -> Cukup Sesuai | G88: masih terdapat menu dengan ukuran porsi banyak, sedangkan prinsip diet DM adalah porsi kecil tapi sering | I88: H | J88: Kesesuaian Porsi dan Ukuran Sajian | K88: Apakah ukuran porsi (g/ml) yang direkomendasikan realistis dan sesuai standar gizi klinis? | L88: 4 | M88: =IF(ISBLANK(L88),"— Belum diisi",IF(L88=1,"Sangat Tidak Sesuai",IF(L88=2,"Tidak Sesuai",IF(L88=3,"Cukup Sesuai",IF(L88=4,"Sesuai",IF(L88=5,"Sangat Sesuai","—")))))) -> Sesuai
B89: I | C89: Ketepatan Distribusi Waktu Makan | D89: Apakah pembagian kalori per waktu makan (Sarapan 23,75% · Siang 33,75% · Malam 28,75% · Snack 13,75%) sudah sesuai pedoman gizi klinis? | E89: 4 | F89: =IF(ISBLANK(E89),"— Belum diisi",IF(E89=1,"Sangat Tidak Sesuai",IF(E89=2,"Tidak Sesuai",IF(E89=3,"Cukup Sesuai",IF(E89=4,"Sesuai",IF(E89=5,"Sangat Sesuai","—")))))) -> Sesuai | I89: I | J89: Ketepatan Distribusi Waktu Makan | K89: Apakah pembagian kalori per waktu makan (Sarapan 23,75% · Siang 33,75% · Malam 28,75% · Snack 13,75%) sudah sesuai pedoman gizi klinis? | L89: 4 | M89: =IF(ISBLANK(L89),"— Belum diisi",IF(L89=1,"Sangat Tidak Sesuai",IF(L89=2,"Tidak Sesuai",IF(L89=3,"Cukup Sesuai",IF(L89=4,"Sesuai",IF(L89=5,"Sangat Sesuai","—")))))) -> Sesuai
B90: RATA-RATA SKOR KESELURUHAN (Case ini) | E90: =IFERROR(AVERAGE(E81,E82,E83,E84,E85,E86,E87,E88,E89),"—") -> 3.3333333 | F90: =IF(ISNUMBER(E90),IF(E90<2,"Sangat Tidak Sesuai",IF(E90<3,"Tidak Sesuai",IF(E90<4,"Cukup Sesuai",IF(E90<4.6,"Sesuai","Sangat Sesuai")))),"—") -> Cukup Sesuai | I90: RATA-RATA SKOR KESELURUHAN (Case ini) | L90: =IFERROR(AVERAGE(L81,L82,L83,L84,L85,L86,L87,L88,L89),"—") -> 3.3333333 | M90: =IF(ISNUMBER(L90),IF(L90<2,"Sangat Tidak Sesuai",IF(L90<3,"Tidak Sesuai",IF(L90<4,"Cukup Sesuai",IF(L90<4.6,"Sesuai","Sangat Sesuai")))),"—") -> Cukup Sesuai
B92: BAGIAN 8 — KOMENTAR DAN SARAN AHLI GIZI
B93: 🔵 Komentar untuk GA | I93: 🟢 Komentar untuk Greedy
B94: Catatan Klinis Menu | I94: Catatan Klinis Menu
B95: → Adakah item makanan dalam menu ini yang tidak lazim, berpotensi kontraindikasi, atau perlu diganti dari sudut pandang klinis? | I95: → Adakah item makanan dalam menu ini yang tidak lazim, berpotensi kontraindikasi, atau perlu diganti dari sudut pandang klinis?
B96: Ada, menu Breaded Salmon Nuggets karena makanan olahan kurang baik dikonsumsi oleh penderita DM | I96: Ada, menu salmon nuggets dan cheese pizza karena merupakan produk olahan kurang baik untuk penderita DM
B101: Kesesuaian Panduan Gizi | I101: Kesesuaian Panduan Gizi
B102: → Apakah rekomendasi nutrisi yang diterapkan sudah selaras dengan pedoman gizi klinis yang Bapak/Ibu gunakan dalam praktik? Jika tidak, pedoman apa yang lebih tepat? | I102: → Apakah rekomendasi nutrisi yang diterapkan sudah selaras dengan pedoman gizi klinis yang Bapak/Ibu gunakan dalam praktik? Jika tidak, pedoman apa yang lebih tepat?
B103: Beberapa menu makanan dalam 1x makan belum memenuhi pedoman gizi seimbang. Pastikan menu variatif dan memenuhi pedoman gizi seimbang | I103: Beberapa menu makanan dalam 1x makan belum memenuhi pedoman gizi seimbang. Pastikan menu variatif dan memenuhi pedoman gizi seimbang
B108: Kelayakan Implementasi Klinis | I108: Kelayakan Implementasi Klinis
B109: → Apakah output sistem ini realistis untuk dijadikan acuan awal dalam konseling gizi di fasilitas kesehatan? Apa saran atau catatannya? | I109: → Apakah output sistem ini realistis untuk dijadikan acuan awal dalam konseling gizi di fasilitas kesehatan? Apa saran atau catatannya?
B110: realistis namun dengan catatan, terutama dalam penyesuaian menu | I110: realistis namun dengan catatan, terutama dalam penyesuaian menu

Sheet Case 3
B2: CASE 3 — HYPERTENSION
B5: BAGIAN 1 — PROFIL USER | D5: BAGIAN 2 — KEBUTUHAN NUTRISI USER
B6: Usia | C6: 28 | D6: BMR (kcal) | E6: 1657,5
B7: Jenis Kelamin | C7: Pria | D7: TDEE (kcal) | E7: 2205
B8: Berat Badan (kg) | C8: 68 | D8: Energi Harian (kcal) | E8: 1995.0 – 2205.0
B9: Tinggi Badan (cm) | C9: 178 | D9: Protein (g) | E9: 82.7 – 99.2
B10: Tingkat Aktivitas | C10: Sedang | D10: Lemak / Fat (g) | E10: 60.5 – 66.9
B11: Kondisi Penyakit | C11: Hipertensi | D11: Karbohidrat (g) | E11: 209.5 – 303.2
D12: Air / Water (ml) | E12: ≥ 3700.0
B14: BAGIAN 3 — MENU YANG DIREKOMENDASIKAN SISTEM
B15: 🔵 GENETIC ALGORITHM (GA) | I15: 🟢 GREEDY ALGORITHM
B16: Waktu Makan | C16: Menu / Makanan | D16: Porsi (g/ml) | E16: Kalori (kcal) | I16: Waktu Makan | J16: Menu / Makanan | K16: Porsi (g/ml) | L16: Kalori (kcal)
B17: Breakfast — Main Course 1 | C17: Frozen Fish Sticks | D17: 114 | E17: 315.8 | F17: Sebaiknya tidak menggunakan produk olahan | I17: Breakfast — Main Course 1 | J17: Whole Wheat French Bread | K17: 132g | L17: 315,5
B18: Breakfast — Side Dish 1 | C18: Baby Lima Beans | D18: 113 | E18: 118.7 | F18: bisa ditambahkan karbo | I18: Breakfast — Side Dish 1 | J18: Poi | K18: 131g | L18: 146,7
B19: Breakfast — Drink 1 | C19: Creamy Vegetable Oil Milk | D19: 113 | E19: 71.2 | F19: sayur yang digunakan apa saja? | I19: Breakfast — Drink 1 | J19: Unsweetened Pineapple Juice | K19: 100ml | L19: 53
B21: Lunch — Main Course 1 | C21: Tuna Sub Sandwich | D21: 171 | E21: 372.8 | F21: porsinya dikurangi, bisa di 100-150 g | I21: Lunch — Main Course 1 | J21: Homemade Falafel | K21: 130g | L21: 432,9
B22: Lunch — Side Dish 1 | C22: Boiled Safflower Seeds | D22: 170 | E22: 132.6 | I22: Lunch — Side Dish 1 | J22: Raisin Bread | K22: 87g | L22: 238,4
B23: Lunch — Drink 1 | C23: Evaporated Milk | D23: 139 | E23: 148.7 | I23: Lunch — Drink 1 | J23: Canned Purple Plums | K23: 100ml | L23: 101
B25: Dinner — Main Course 1 | C25: Hulled Barley | D25: 101 | E25: 357.5 | F25: kurang sayur | I25: Dinner — Main Course 1 | J25: Fried Tofu | K25: 134g | L25: 361,8 | M25: kurang karbo
B26: Dinner — Side Dish 1 | C26: Homemade Hummus | D26: 100 | E26: 177 | I26: Dinner — Side Dish 1 | J26: Lite Buttermilk Dressing | K26: 90g | L26: 181,8 | M26: apakah dengan sayur?
B27: Dinner — Drink 1 | C27: Lemon Juice | D27: 100 | E27: 17 | I27: Dinner — Drink 1 | J27: Canned Purple Plums | K27: 100ml | L27: 101
B29: Snack — Option 1 | C29: Frozen French Fries | D29: 206 | E29: 302.8 | F29: porsinya bisa dikurangi karena french fries jadi tinggi garam | I29: Snack — Option 1 | J29: Rye Melba Toast | K29: 78g | L29: 303,4 | M29: apakah terdapat campuran pada toast?
B31: BAGIAN 4 — DISTRIBUSI KALORI PER WAKTU MAKAN
B32: 🔵 GA — Distribusi Kalori | I32: 🟢 Greedy — Distribusi Kalori
B33: Waktu Makan | C33: Kalori (kcal) | D33: % Target | E33: Keterangan | F33: Aktual | G33: Keterangan | I33: Waktu Makan | J33: Kalori (kcal) | K33: % Target | L33: Keterangan | M33: Aktual | N33: Keterangan
B34: Breakfast (Sarapan) | C34: 505,6 | D34: 23,75% | E34: Konstanta sistem | F34: 0.229 | I34: Breakfast (Sarapan) | J34: 515.2 | K34: 0.2375 | L34: Konstanta sistem | M34: =J34/sum($J$34:$J$37) -> 0.23046298
B35: Lunch (Makan Siang) | C35: 654,1 | D35: 33,75% | E35: Konstanta sistem | F35: 0.297 | I35: Lunch (Makan Siang) | J35: 772.3 | K35: 0.3375 | L35: Konstanta sistem | M35: =J35/sum($J$34:$J$37) -> 0.34547081
B36: Dinner (Makan Malam) | C36: 551,5 | D36: 28,75% | E36: Konstanta sistem | F36: 0.25 | I36: Dinner (Makan Malam) | J36: 644.6 | K36: 0.2875 | L36: Konstanta sistem | M36: =J36/sum($J$34:$J$37) -> 0.28834713
B37: Snack | C37: 302,8 | D37: 13,75% | E37: Konstanta sistem | F37: 0.137 | I37: Snack | J37: 303.4 | K37: 0.1375 | L37: Konstanta sistem | M37: =J37/sum($J$34:$J$37) -> 0.13571908
B39: BAGIAN 5 — EVALUASI HARD CONSTRAINT
B40: 🔵 GA — Hard Constraint | I40: 🟢 Greedy — Hard Constraint
B41: Nutrisi | C41: Min – Max | D41: Aktual (diisi peneliti) | E41: Keterpenuhan (%) | F41: Keterangan | I41: Nutrisi | J41: Min – Max | K41: Aktual (diisi peneliti) | L41: Keterpenuhan (%)
B42: Energy (kcal) | C42: 1995.0 – 2205.0 | D42: 2014.09 | E42: 1 | I42: Energy (kcal) | J42: 1995.0 – 2205.0 | K42: 2235.5 | L42: =K42/2205 -> 1.0138322
B43: Protein (g) | C43: 82.7 – 99.2 | D43: 84.32 | E43: 1 | I43: Protein (g) | J43: 82.7 – 99.2 | K43: 72.1 | L43: 0.872
B44: Fat (g) | C44: 60.5 – 66.9 | D44: 66.87 | E44: 1 | I44: Fat (g) | J44: 60.5 – 66.9 | K44: 69.7 | L44: =K44/66.9 -> 1.0418535
B45: Carbohydrate (g) | C45: 209.5 – 303.2 | D45: 279.68 | E45: 1 | I45: Carbohydrate (g) | J45: 209.5 – 303.2 | K45: 344.2 | L45: =K45/303.2 -> 1.1352243
B46: Sodium (mg) | C46: ≤ 2300.0 | D46: 2281.03 | E46: 1 | I46: Sodium (mg) | J46: ≤ 2300.0 | K46: 3002.9 | L46: =K46/2300 -> 1.3056087
B47: Sugar (g) | C47: ≤ 27.6 | D47: 19.02 | E47: 1 | I47: Sugar (g) | J47: ≤ 27.6 | K47: 17.5 | L47: 1
B48: Cholesterol (mg) | C48: ≤ 150.0 | D48: 82.06 | E48: 1 | I48: Cholesterol (mg) | J48: ≤ 150.0 | K48: 14.4 | L48: 1
B49: Saturated Fat (g) | C49: ≤ 14.7 | D49: 14 | E49: 1 | I49: Saturated Fat (g) | J49: ≤ 14.7 | K49: 9.5 | L49: 1
B50: Potassium (mg) | C50: 4465.0 – 4935.0 | D50: 4632.94 | E50: 1 | I50: Potassium (mg) | J50: 4465.0 – 4935.0 | K50: 2185.9 | L50: 0.49
B51: Calcium (mg) | C51: 800.0 – 1250.0 | D51: 920.98 | E51: 1 | I51: Calcium (mg) | J51: 800.0 – 1250.0 | K51: 830.3 | L51: 1
B52: magnesium_mg | C52: 240.0 – 500.0 | D52: 4632.94 | E52: 1 | I52: magnesium_mg | J52: 240.0 – 500.0 | K52: 367.5 | L52: 1
B53: Serat / Fiber (g) | C53: 30.0 – 38.0 | D53: 34.41 | E53: 1 | I53: Serat / Fiber (g) | J53: 30.0 – 38.0 | K53: 24.5 | L53: 0.815
B55: BAGIAN 6 — EVALUASI SOFT CONSTRAINT (Vitamin & Mineral)
B56: 🔵 GA — Soft Constraint | I56: 🟢 Greedy — Soft Constraint
B57: Nutrisi | C57: Target (DRI) | D57: Aktual (diisi peneliti) | E57: Keterpenuhan (%) | F57: Keterangan | I57: Nutrisi | J57: Target (DRI) | K57: Aktual (diisi peneliti) | L57: Keterpenuhan (%) | M57: Keterangan
B58: Vitamin A (mg RAE) | C58: 0.9 – 3.0 | D58: 0.11 | E58: 0.1222222 | I58: Vitamin A (mg RAE) | J58: 0.9 – 3.0 | K58: 0.0487 | L58: 0.054
B59: Vitamin C (mg) | C59: 90.0 – 2000.0 | D59: 88.16 | E59: 0.9795556 | I59: Vitamin C (mg) | J59: 90.0 – 2000.0 | K59: 52.5 | L59: 0.584
B60: Vitamin D (mg) | C60: 0.0150 – 0.1 | D60: 0.01 | E60: 0.6666667 | I60: Vitamin D (mg) | J60: 0.0150 – 0.1 | K60: 0 | L60: 0
B61: Vitamin E (mg) | C61: 15.0 – 1000.0 | D61: 13.26 | E61: 0.884 | I61: Vitamin E (mg) | J61: 15.0 – 1000.0 | K61: 4.9 | L61: 0.328
B62: Vitamin K (mg) | C62: 0.1 | D62: 0.06 | E62: 0.5 | I62: Vitamin K (mg) | J62: 0.1 | K62: 0.0443 | L62: 0.369
B63: Vitamin B1 (Thiamine) (mg) | C63: 1.2 | D63: 1.84 | E63: 1 | I63: Vitamin B1 (Thiamine) (mg) | J63: 1.2 | K63: 1.9 | L63: 1
B64: Vitamin B2 (Riboflavin) (mg) | C64: 1.3 | D64: 1.7 | E64: 1 | I64: Vitamin B2 (Riboflavin) (mg) | J64: 1.3 | K64: 1.2 | L64: 0.892
B65: Vitamin B3 (Niacin) (mg) | C65: 16.0 – 35.0 | D65: 27.6 | E65: 1 | I65: Vitamin B3 (Niacin) (mg) | J65: 16.0 – 35.0 | K65: 13.8 | L65: 0.865
B66: Vitamin B5 (Pantothenic Acid) (mg) | C66: 5 | D66: 4.72 | E66: 0.944 | I66: Vitamin B5 (Pantothenic Acid) (mg) | J66: 5 | K66: 2.6 | L66: 0.528
B67: Vitamin B6 (mg) | C67: 1.3 – 100.0 | D67: 2.28 | E67: 1 | I67: Vitamin B6 (mg) | J67: 1.3 – 100.0 | K67: 1.2 | L67: 0.901
B68: Vitamin B9 (Folate) (mg) | C68: 0.5 – 1.0 | D68: 0.31 | E68: 0.62 | I68: Vitamin B9 (Folate) (mg) | J68: 0.5 – 1.0 | K68: 0.5 | L68: 1
B69: Vitamin B12 (mg) | C69: 0.0024 | D69: 0 | E69: 0 | I69: Vitamin B12 (mg) | J69: 0.0024 | K69: 0 | L69: 0
B70: Iron / Zat Besi (mg) | C70: 8.0 – 45.0 | D70: 14.77 | E70: 1 | I70: Iron / Zat Besi (mg) | J70: 8.0 – 45.0 | K70: 20.1 | L70: 1
B71: Phosphorus (mg) | C71: 700.0 – 4000.0 | D71: 1813.99 | E71: 1 | I71: Phosphorus (mg) | J71: 700.0 – 4000.0 | K71: 1338.4 | L71: 1
B72: Zinc (mg) | C72: 11.0 – 40.0 | D72: 8.9 | E72: 0.8090909 | I72: Zinc (mg) | J72: 11.0 – 40.0 | K72: 8.9 | L72: 0.812
B73: Copper (mg) | C73: 0.9 – 10.0 | D73: 1.61 | E73: 1 | I73: Copper (mg) | J73: 0.9 – 10.0 | K73: 2.1 | L73: 1
B74: Manganese (mg) | C74: 2.3 – 11.0 | D74: 4.87 | E74: 1 | I74: Manganese (mg) | J74: 2.3 – 11.0 | K74: 5 | L74: 1
B75: Selenium (mg) | C75: 0.0550 – 0.4 | D75: 0.13 | E75: 1 | I75: Selenium (mg) | J75: 0.0550 – 0.4 | K75: 0.1 | L75: 1
B76: Air / Water (ml) | C76: 3700 | D76: 875.95 | E76: 0.2367432 | I76: Air / Water (ml) | J76: 3700 | K76: 580.4 | L76: 0.157
B78: BAGIAN 7 — FORM PENILAIAN AHLI GIZI ★
B79: Petunjuk: Klik sel kolom SKOR lalu pilih nilai 1–5 dari dropdown. Kolom Interpretasi terisi otomatis.
B80: Kode | C80: Kriteria Penilaian | D80: Pertanyaan Panduan | E80: Skor (1-5) | F80: Interpretasi GA | G80: Catatan (GA) | I80: Kode | J80: Kriteria Penilaian | K80: Pertanyaan Panduan | L80: Skor (1-5) | M80: Interpretasi Greedy | N80: Catatan (Greedy)
B81: A | C81: Kesesuaian dengan Kondisi Penyakit | D81: Apakah menu yang dihasilkan sudah sesuai dengan kebutuhan pasien pada kondisi penyakit tersebut? | E81: 3 | F81: =IF(ISBLANK(E81),"— Belum diisi",IF(E81=1,"Sangat Tidak Sesuai",IF(E81=2,"Tidak Sesuai",IF(E81=3,"Cukup Sesuai",IF(E81=4,"Sesuai",IF(E81=5,"Sangat Sesuai","—")))))) -> Cukup Sesuai | G81: sudah cukup sesuai, namun sebaiknya tidak menggunakan produk olahan/produk tinggi sodium (garam) | I81: A | J81: Kesesuaian dengan Kondisi Penyakit | K81: Apakah menu yang dihasilkan sudah sesuai dengan kebutuhan pasien pada kondisi penyakit tersebut? | L81: 3 | M81: =IF(ISBLANK(L81),"— Belum diisi",IF(L81=1,"Sangat Tidak Sesuai",IF(L81=2,"Tidak Sesuai",IF(L81=3,"Cukup Sesuai",IF(L81=4,"Sesuai",IF(L81=5,"Sangat Sesuai","—")))))) -> Cukup Sesuai | N81: sudah cukup sesuai, namun sebaiknya tidak menggunakan produk olahan/produk tinggi sodium (garam)
B82: B | C82: Kesesuaian Kebutuhan Energi | D82: Apakah total energi harian yang diberikan sudah sesuai dengan kebutuhan pengguna? | E82: 4 | F82: =IF(ISBLANK(E82),"— Belum diisi",IF(E82=1,"Sangat Tidak Sesuai",IF(E82=2,"Tidak Sesuai",IF(E82=3,"Cukup Sesuai",IF(E82=4,"Sesuai",IF(E82=5,"Sangat Sesuai","—")))))) -> Sesuai | I82: B | J82: Kesesuaian Kebutuhan Energi | K82: Apakah total energi harian yang diberikan sudah sesuai dengan kebutuhan pengguna? | L82: 4 | M82: =IF(ISBLANK(L82),"— Belum diisi",IF(L82=1,"Sangat Tidak Sesuai",IF(L82=2,"Tidak Sesuai",IF(L82=3,"Cukup Sesuai",IF(L82=4,"Sesuai",IF(L82=5,"Sangat Sesuai","—")))))) -> Sesuai
B83: C | C83: Kesesuaian Distribusi Makronutrien | D83: Apakah distribusi karbohidrat, protein, dan lemak sudah proporsional dan sesuai standar? | E83: 4 | F83: =IF(ISBLANK(E83),"— Belum diisi",IF(E83=1,"Sangat Tidak Sesuai",IF(E83=2,"Tidak Sesuai",IF(E83=3,"Cukup Sesuai",IF(E83=4,"Sesuai",IF(E83=5,"Sangat Sesuai","—")))))) -> Sesuai | I83: C | J83: Kesesuaian Distribusi Makronutrien | K83: Apakah distribusi karbohidrat, protein, dan lemak sudah proporsional dan sesuai standar? | L83: 4 | M83: =IF(ISBLANK(L83),"— Belum diisi",IF(L83=1,"Sangat Tidak Sesuai",IF(L83=2,"Tidak Sesuai",IF(L83=3,"Cukup Sesuai",IF(L83=4,"Sesuai",IF(L83=5,"Sangat Sesuai","—")))))) -> Sesuai
B84: D | C84: Kesesuaian Pembatasan Nutrisi Khusus | D84: Apakah pembatasan nutrisi spesifik per penyakit sudah diterapkan dengan tepat? | E84: 4 | F84: =IF(ISBLANK(E84),"— Belum diisi",IF(E84=1,"Sangat Tidak Sesuai",IF(E84=2,"Tidak Sesuai",IF(E84=3,"Cukup Sesuai",IF(E84=4,"Sesuai",IF(E84=5,"Sangat Sesuai","—")))))) -> Sesuai | I84: D | J84: Kesesuaian Pembatasan Nutrisi Khusus | K84: Apakah pembatasan nutrisi spesifik per penyakit sudah diterapkan dengan tepat? | L84: 2 | M84: =IF(ISBLANK(L84),"— Belum diisi",IF(L84=1,"Sangat Tidak Sesuai",IF(L84=2,"Tidak Sesuai",IF(L84=3,"Cukup Sesuai",IF(L84=4,"Sesuai",IF(L84=5,"Sangat Sesuai","—")))))) -> Tidak Sesuai | N84: belum sesuai karena % sodium masih tinggi, bisa dikurangi dalam penggunaan sodium karena prinsip diet hipertensi adalah pembatasan sodium/garam
B85: E | C85: Realisme Menu | D85: Apakah kombinasi makanan dalam menu realistis dan lazim untuk dikonsumsi sehari-hari? | E85: 3 | F85: =IF(ISBLANK(E85),"— Belum diisi",IF(E85=1,"Sangat Tidak Sesuai",IF(E85=2,"Tidak Sesuai",IF(E85=3,"Cukup Sesuai",IF(E85=4,"Sesuai",IF(E85=5,"Sangat Sesuai","—")))))) -> Cukup Sesuai | G85: terdapat menu yang perlu penambahan karbo dan sayur | I85: E | J85: Realisme Menu | K85: Apakah kombinasi makanan dalam menu realistis dan lazim untuk dikonsumsi sehari-hari? | L85: 3 | M85: =IF(ISBLANK(L85),"— Belum diisi",IF(L85=1,"Sangat Tidak Sesuai",IF(L85=2,"Tidak Sesuai",IF(L85=3,"Cukup Sesuai",IF(L85=4,"Sesuai",IF(L85=5,"Sangat Sesuai","—")))))) -> Cukup Sesuai | N85: terdapat menu yang perlu penambahan karbo dan sayur
B86: F | C86: Variasi dan Keberterimaan Menu | D86: Apakah menu cukup bervariasi antar waktu makan dan dapat diterima pengguna umum? | E86: 3 | F86: =IF(ISBLANK(E86),"— Belum diisi",IF(E86=1,"Sangat Tidak Sesuai",IF(E86=2,"Tidak Sesuai",IF(E86=3,"Cukup Sesuai",IF(E86=4,"Sesuai",IF(E86=5,"Sangat Sesuai","—")))))) -> Cukup Sesuai | G86: menu sudah bervariatif | I86: F | J86: Variasi dan Keberterimaan Menu | K86: Apakah menu cukup bervariasi antar waktu makan dan dapat diterima pengguna umum? | L86: 3 | M86: =IF(ISBLANK(L86),"— Belum diisi",IF(L86=1,"Sangat Tidak Sesuai",IF(L86=2,"Tidak Sesuai",IF(L86=3,"Cukup Sesuai",IF(L86=4,"Sesuai",IF(L86=5,"Sangat Sesuai","—")))))) -> Cukup Sesuai | N86: menu sudah bervariatif
B87: G | C87: Penilaian Keseluruhan | D87: Secara keseluruhan, apakah menu yang dihasilkan sistem layak direkomendasikan kepada pengguna? | E87: 3 | F87: =IF(ISBLANK(E87),"— Belum diisi",IF(E87=1,"Sangat Tidak Sesuai",IF(E87=2,"Tidak Sesuai",IF(E87=3,"Cukup Sesuai",IF(E87=4,"Sesuai",IF(E87=5,"Sangat Sesuai","—")))))) -> Cukup Sesuai | G87: layak dengan beberapa catatan | I87: G | J87: Penilaian Keseluruhan | K87: Secara keseluruhan, apakah menu yang dihasilkan sistem layak direkomendasikan kepada pengguna? | L87: 3 | M87: =IF(ISBLANK(L87),"— Belum diisi",IF(L87=1,"Sangat Tidak Sesuai",IF(L87=2,"Tidak Sesuai",IF(L87=3,"Cukup Sesuai",IF(L87=4,"Sesuai",IF(L87=5,"Sangat Sesuai","—")))))) -> Cukup Sesuai | N87: layak dengan beberapa catatan
B88: H | C88: Kesesuaian Porsi dan Ukuran Sajian | D88: Apakah ukuran porsi (g/ml) yang direkomendasikan realistis dan sesuai standar gizi klinis? | E88: 3 | F88: =IF(ISBLANK(E88),"— Belum diisi",IF(E88=1,"Sangat Tidak Sesuai",IF(E88=2,"Tidak Sesuai",IF(E88=3,"Cukup Sesuai",IF(E88=4,"Sesuai",IF(E88=5,"Sangat Sesuai","—")))))) -> Cukup Sesuai | G88: masih terdapat makanan dengan porsi yang banyak, perlu pengurangan porsi | I88: H | J88: Kesesuaian Porsi dan Ukuran Sajian | K88: Apakah ukuran porsi (g/ml) yang direkomendasikan realistis dan sesuai standar gizi klinis? | L88: 4 | M88: =IF(ISBLANK(L88),"— Belum diisi",IF(L88=1,"Sangat Tidak Sesuai",IF(L88=2,"Tidak Sesuai",IF(L88=3,"Cukup Sesuai",IF(L88=4,"Sesuai",IF(L88=5,"Sangat Sesuai","—")))))) -> Sesuai
B89: I | C89: Ketepatan Distribusi Waktu Makan | D89: Apakah pembagian kalori per waktu makan (Sarapan 23,75% · Siang 33,75% · Malam 28,75% · Snack 13,75%) sudah sesuai pedoman gizi klinis? | E89: 4 | F89: =IF(ISBLANK(E89),"— Belum diisi",IF(E89=1,"Sangat Tidak Sesuai",IF(E89=2,"Tidak Sesuai",IF(E89=3,"Cukup Sesuai",IF(E89=4,"Sesuai",IF(E89=5,"Sangat Sesuai","—")))))) -> Sesuai | I89: I | J89: Ketepatan Distribusi Waktu Makan | K89: Apakah pembagian kalori per waktu makan (Sarapan 23,75% · Siang 33,75% · Malam 28,75% · Snack 13,75%) sudah sesuai pedoman gizi klinis? | L89: 4 | M89: =IF(ISBLANK(L89),"— Belum diisi",IF(L89=1,"Sangat Tidak Sesuai",IF(L89=2,"Tidak Sesuai",IF(L89=3,"Cukup Sesuai",IF(L89=4,"Sesuai",IF(L89=5,"Sangat Sesuai","—")))))) -> Sesuai
B90: RATA-RATA SKOR KESELURUHAN (Case ini) | E90: =IFERROR(AVERAGE(E81,E82,E83,E84,E85,E86,E87,E88,E89),"—") -> 3.4444444 | F90: =IF(ISNUMBER(E90),IF(E90<2,"Sangat Tidak Sesuai",IF(E90<3,"Tidak Sesuai",IF(E90<4,"Cukup Sesuai",IF(E90<4.6,"Sesuai","Sangat Sesuai")))),"—") -> Cukup Sesuai | I90: RATA-RATA SKOR KESELURUHAN (Case ini) | L90: =IFERROR(AVERAGE(L81,L82,L83,L84,L85,L86,L87,L88,L89),"—") -> 3.3333333 | M90: =IF(ISNUMBER(L90),IF(L90<2,"Sangat Tidak Sesuai",IF(L90<3,"Tidak Sesuai",IF(L90<4,"Cukup Sesuai",IF(L90<4.6,"Sesuai","Sangat Sesuai")))),"—") -> Cukup Sesuai
B92: BAGIAN 8 — KOMENTAR DAN SARAN AHLI GIZI
B93: 🔵 Komentar untuk GA | I93: 🟢 Komentar untuk Greedy
B94: Catatan Klinis Menu | I94: Catatan Klinis Menu
B95: → Adakah item makanan dalam menu ini yang tidak lazim, berpotensi kontraindikasi, atau perlu diganti dari sudut pandang klinis? | I95: → Adakah item makanan dalam menu ini yang tidak lazim, berpotensi kontraindikasi, atau perlu diganti dari sudut pandang klinis?
B96: Karena pasien menderita penyakit hiertensi perlu beberapa pertimbangan terkait menu yang dipilih, pastikan menu yang rendah sodium/garam. Diet yang digunakan pasien hipertensi adalah rendah garam, jadi perlu diperhatikan pembatasan sodium/garamnya | I96: Karena pasien menderita penyakit hiertensi perlu beberapa pertimbangan terkait menu yang dipilih, pastikan menu yang rendah sodium/garam. Diet yang digunakan pasien hipertensi adalah rendah garam, jadi perlu diperhatikan pembatasan sodium/garamnya
B101: Kesesuaian Panduan Gizi | I101: Kesesuaian Panduan Gizi
B102: → Apakah rekomendasi nutrisi yang diterapkan sudah selaras dengan pedoman gizi klinis yang Bapak/Ibu gunakan dalam praktik? Jika tidak, pedoman apa yang lebih tepat? | I102: → Apakah rekomendasi nutrisi yang diterapkan sudah selaras dengan pedoman gizi klinis yang Bapak/Ibu gunakan dalam praktik? Jika tidak, pedoman apa yang lebih tepat?
B103: Beberapa menu makanan dalam 1x makan belum memenuhi pedoman gizi seimbang. Pastikan menu variatif dan memenuhi pedoman gizi seimbang | I103: Beberapa menu makanan dalam 1x makan belum memenuhi pedoman gizi seimbang. Pastikan menu variatif dan memenuhi pedoman gizi seimbang
B108: Kelayakan Implementasi Klinis | I108: Kelayakan Implementasi Klinis
B109: → Apakah output sistem ini realistis untuk dijadikan acuan awal dalam konseling gizi di fasilitas kesehatan? Apa saran atau catatannya? | I109: → Apakah output sistem ini realistis untuk dijadikan acuan awal dalam konseling gizi di fasilitas kesehatan? Apa saran atau catatannya?
B110: realistis namun dengan catatan, terutama dalam penyesuaian menu | I110: realistis namun dengan catatan, terutama dalam penyesuaian menu

Sheet Case 4
B2: CASE 4 — CARDIOVASCULAR DISEASE
B5: BAGIAN 1 — PROFIL USER | D5: BAGIAN 2 — KEBUTUHAN NUTRISI USER
B6: Usia | C6: 28 | D6: BMR (kcal) | E6: 1657,5
B7: Jenis Kelamin | C7: Pria | D7: TDEE (kcal) | E7: 3058,1
B8: Berat Badan (kg) | C8: 68 | D8: Energi Harian (kcal) | E8: 2905.2 – 3211.0
B9: Tinggi Badan (cm) | C9: 178 | D9: Protein (g) | E9: 114.7 – 191.1
B10: Tingkat Aktivitas | C10: Sedang | D10: Lemak / Fat (g) | E10: 85.0 – 118.9
B11: Kondisi Penyakit | C11: CVD | D11: Karbohidrat (g) | E11: 290.5 – 420.5
D12: Air / Water (ml) | E12: ≥ 3700.0
B14: BAGIAN 3 — MENU YANG DIREKOMENDASIKAN SISTEM
B15: 🔵 GENETIC ALGORITHM (GA) | I15: 🟢 GREEDY ALGORITHM
B16: Waktu Makan | C16: Menu / Makanan | D16: Porsi (g/ml) | E16: Kalori (kcal) | F16: (diisi peneliti) | I16: Waktu Makan | J16: Menu / Makanan | K16: Porsi (g/ml) | L16: Kalori (kcal) | M16: (diisi peneliti)
B17: Breakfast — Main Course 1 | C17: Pan-Fried Top Round Beef | D17: 100 g | E17: 228 | I17: Breakfast — Main Course 1 | J17: Homemade Falafel | K17: 111g | L17: 369,6
B18: Breakfast — Side Dish 1 | C18: Yellow Cornmeal | D18: 136 g | E18: 503.2 | I18: Breakfast — Side Dish 1 | J18: Corn Tortillas | K18: 95g | L18: 207,1
B19: Breakfast — Drink 1 | C19: Strawberry Banana Smoothie | D19: 100 ml | E19: 48 | I19: Breakfast — Drink 1 | J19: Canned Purple Plums | K19: 110ml | L19: 111,1
B21: Lunch — Main Course 1 | C21: Fried Tofu | D21: 157 g | E21: 423.9 | F21: kedua menu pengolahannya di goreng, bisa di ganti 1 menu non goreng | I21: Lunch — Main Course 1 | J21: Toasted Wheat Germ Cereal | K21: 140g | L21: 534,8 | M21: kurang protein
B22: Lunch — Side Dish 1 | C22: French Fries | D22: 172 g | E22: 536.6 | F22: kurangi porsinya, kurang sayur | I22: Lunch — Side Dish 1 | J22: Dried Cloud Ears | K22: 102g | L22: 289,7
B23: Lunch — Drink 1 | C23: Evaporated Milk | D23: 103 ml | E23: 110.2 | I23: Lunch — Drink 1 | J23: Low Fat Fruit Yogurt | K23: 139ml | L23: 141,8 | M23: buah apa saja yang dipake?
B25: Dinner — Main Course 1 | C25: Roasted Turkey | D25: 150 g | E25: 366 | I25: Dinner — Main Course 1 | J25: Cheesy Nachos | K25: 132g | L25: 452,8 | M25: kedua menu pengolahannya di goreng, bisa di ganti 1 menu non goreng
B26: Dinner — Side Dish 1 | C26: Cooked Frozen Peas and Carrots | D26: 305 g | E26: 146.4 | F26: kurangi porsinya dan tambah karbo | I26: Dinner — Side Dish 1 | J26: Thick-Cut Onion Rings | K26: 50g | L26: 163,5
B27: Dinner — Drink 1 | C27: Ensure Plus Drink | D27: 215 ml | E27: 303.1 | I27: Dinner — Drink 1 | J27: Strawberry Shake | K27: 131ml | L27: 148
B29: Snack — Option 1 | C29: Canned Kidney Beans | D29: 305 g | E29: 256.2 | F29: kurangi porsinya, terutama untuk menu kalengan | I29: Snack — Option 1 | J29: Peanut Butter Sandwich Cookies | K29: 79g | L29: 422,7
B31: BAGIAN 4 — DISTRIBUSI KALORI PER WAKTU MAKAN
B32: 🔵 GA — Distribusi Kalori | I32: 🟢 Greedy — Distribusi Kalori
B33: Waktu Makan | C33: Kalori (kcal) | D33: % Target | E33: Keterangan | F33: Aktual | I33: Waktu Makan | J33: Kalori (kcal) | K33: % Target | L33: Keterangan | M33: Keterangan
B34: Breakfast (Sarapan) | C34: 779,2 | D34: 23,75% | E34: Konstanta sistem | F34: 0.255 | I34: Breakfast (Sarapan) | J34: 687.8 | K34: 23,75% | L34: Konstanta sistem | M34: =J34/sum($J$34:$J$37) -> 0.24208933
B35: Lunch (Makan Siang) | C35: 1070,8 | D35: 33,75% | E35: Konstanta sistem | F35: 0.35 | I35: Lunch (Makan Siang) | J35: 966.3 | K35: 33,75% | L35: Konstanta sistem | M35: =J35/sum($J$34:$J$37) -> 0.34011474
B36: Dinner (Makan Malam) | C36: 815,6 | D36: 28,75% | E36: Konstanta sistem | F36: 0.267 | I36: Dinner (Makan Malam) | J36: 764.3 | K36: 28,75% | L36: Konstanta sistem | M36: =J36/sum($J$34:$J$37) -> 0.26901552
B37: Snack | C37: 256,2 | D37: 13,75% | E37: Konstanta sistem | F37: 0.084 | I37: Snack | J37: 422.7 | K37: 13,75% | L37: Konstanta sistem | M37: =J37/sum($J$34:$J$37) -> 0.1487804
B39: BAGIAN 5 — EVALUASI HARD CONSTRAINT
B40: 🔵 GA — Hard Constraint | I40: 🟢 Greedy — Hard Constraint
B41: Nutrisi | C41: Min – Max | D41: Aktual (diisi peneliti) | E41: Keterpenuhan (%) | F41: Keterangan | I41: Nutrisi | J41: Min – Max | K41: Aktual (diisi peneliti) | L41: Keterpenuhan (%)
B42: Energy (kcal) | C42: 2905.2 – 3211.0 | D42: 2921.6 | E42: 1 | I42: Energy (kcal) | J42: 2905.2 – 3211.0 | K42: 2841.1 | L42: 0.978
B43: Protein (g) | C43: 114.7 – 191.1 | D43: 162.73 | E43: 1 | I43: Protein (g) | J43: 114.7 – 191.1 | K43: 97.3 | L43: 0.848
B44: Fat (g) | C44: 85.0 – 118.9 | D44: 104.51 | E44: 1 | I44: Fat (g) | J44: 85.0 – 118.9 | K44: 106.7 | L44: 1
B45: Carbohydrate (g) | C45: 290.5 – 420.5 | D45: 340.6 | E45: 1 | I45: Carbohydrate (g) | J45: 290.5 – 420.5 | K45: 408.5 | L45: 1
B46: Sodium (mg) | C46: ≤ 2300.0 | D46: 1989.79 | E46: 1 | I46: Sodium (mg) | J46: ≤ 2300.0 | K46: 1590.8 | L46: 1
B47: Sugar (g) | C47: ≤ 38.2 | D47: 56.33 | E47: 1 | I47: Sugar (g) | J47: ≤ 38.2 | K47: 43.5 | L47: =K47/38.2 -> 1.1387435
B48: Cholesterol (mg) | C48: ≤ 300.0 | D48: 242.8 | E48: 1 | I48: Cholesterol (mg) | J48: ≤ 300.0 | K48: 23.9 | L48: 1
B49: Trans Fat (g) | C49: ≤ 3.4 | D49: 0.1 | E49: 1 | I49: Trans Fat (g) | J49: ≤ 3.4 | K49: 0.2 | L49: 1
B51: BAGIAN 6 — EVALUASI SOFT CONSTRAINT (Vitamin & Mineral)
B52: 🔵 GA — Soft Constraint | I52: 🟢 Greedy — Soft Constraint
B53: Nutrisi | C53: Target (DRI) | D53: Aktual (diisi peneliti) | E53: Keterpenuhan (%) | F53: Keterangan | I53: Nutrisi | J53: Target (DRI) | K53: Aktual (diisi peneliti) | L53: Keterpenuhan (%)
B54: Vitamin A (mg RAE) | C54: 0.9 – 3.0 | D54: 1.85 | E54: 1 | I54: Vitamin A (mg RAE) | J54: 0.9 – 3.0 | K54: 0.079 | L54: 0.088
B56: Vitamin C (mg) | C56: 90.0 – 2000.0 | D56: 116.9 | E56: 1 | I56: Vitamin C (mg) | J56: 90.0 – 2000.0 | K56: 14.1 | L56: 0.157
B57: Vitamin D (mg) | C57: 0.0150 – 0.1 | D57: 0 | E57: 0 | I57: Vitamin D (mg) | J57: 0.0150 – 0.1 | K57: 0 | L57: 0
B58: Vitamin E (mg) | C58: 15.0 – 1000.0 | D58: 17.73 | E58: 1 | I58: Vitamin E (mg) | J58: 15.0 – 1000.0 | K58: 28.7 | L58: 1
B59: Vitamin K (mg) | C59: 0.1 | D59: 0.12 | E59: 1 | I59: Vitamin K (mg) | J59: 0.1 | K59: 0.0493 | L59: 0.411
B60: Vitamin B1 (Thiamine) (mg) | C60: 1.2 | D60: 2.97 | E60: 1 | I60: Vitamin B1 (Thiamine) (mg) | J60: 1.2 | K60: 3.2 | L60: 1
B61: Vitamin B2 (Riboflavin) (mg) | C61: 1.3 | D61: 2.44 | E61: 1 | I61: Vitamin B2 (Riboflavin) (mg) | J61: 1.3 | K61: 3.1 | L61: 1
B62: Vitamin B3 (Niacin) (mg) | C62: 16.0 – 35.0 | D62: 32.17 | E62: 1 | I62: Vitamin B3 (Niacin) (mg) | J62: 16.0 – 35.0 | K62: 22.9 | L62: 1
B63: Vitamin B5 (Pantothenic Acid) (mg) | C63: 5 | D63: 7.54 | E63: 1 | I63: Vitamin B5 (Pantothenic Acid) (mg) | J63: 5 | K63: 5.3 | L63: 1
B64: Vitamin B6 (mg) | C64: 1.3 – 100.0 | D64: 3.12 | E64: 1 | I64: Vitamin B6 (mg) | J64: 1.3 – 100.0 | K64: 2.4 | L64: 1
B65: Vitamin B9 (Folate) (mg) | C65: 0.5 – 1.0 | D65: 0.94 | E65: 1 | I65: Vitamin B9 (Folate) (mg) | J65: 0.5 – 1.0 | K65: 0.7 | L65: 1
B66: Vitamin B12 (mg) | C66: 0.0024 | D66: 0 | E66: 0 | I66: Vitamin B12 (mg) | J66: 0.0024 | K66: 0.0012 | L66: 0.5
B67: Calcium (mg) | C67: 1000.0 – 2500.0 | D67: 2228.02 | E67: 1 | I67: Calcium (mg) | J67: 1000.0 – 2500.0 | K67: 857.9 | L67: 0.858
B68: Iron / Zat Besi (mg) | C68: 8.0 – 45.0 | D68: 32.34 | E68: 1 | I68: Iron / Zat Besi (mg) | J68: 8.0 – 45.0 | K68: 28.2 | L68: 1
B69: Magnesium (mg) | C69: 400 | D69: 576.74 | E69: 1 | I69: Magnesium (mg) | J69: 400 | K69: 841.7 | L69: 1
B70: Phosphorus (mg) | C70: 700.0 – 4000.0 | D70: 2190.62 | E70: 1 | I70: Phosphorus (mg) | J70: 700.0 – 4000.0 | K70: 3046.1 | L70: 1
B71: Potassium (mg) | C71: 3400 | D71: 4386.31 | E71: 1 | I71: Potassium (mg) | J71: 3400 | K71: 4308.9 | L71: 1
B72: Zinc (mg) | C72: 11.0 – 40.0 | D72: 22.23 | E72: 1 | I72: Zinc (mg) | J72: 11.0 – 40.0 | K72: 31.4 | L72: 1
B73: Copper (mg) | C73: 0.9 – 10.0 | D73: 2.4 | E73: 1 | I73: Copper (mg) | J73: 0.9 – 10.0 | K73: 2 | L73: 1
B74: Manganese (mg) | C74: 2.3 – 11.0 | D74: 5.49 | E74: 1 | I74: Manganese (mg) | J74: 2.3 – 11.0 | K74: 32.2 | L74: =K74/11 -> 2.9272727
B75: Selenium (mg) | C75: 0.0550 – 0.4 | D75: 0.16 | E75: 1 | I75: Selenium (mg) | J75: 0.0550 – 0.4 | K75: 0.2 | L75: 1
B76: Air / Water (ml) | C76: 3700 | D76: 1115.79 | E76: 0.3015649 | I76: Air / Water (ml) | J76: 3700 | K76: 456.5 | L76: 0.123
B77: Serat / Fiber (g) | C77: 38 | D77: 41,10 | E77: 1.0815 | I77: Serat / Fiber (g) | J77: 38 | K77: 105.6 | L77: 1
B79: BAGIAN 7 — FORM PENILAIAN AHLI GIZI ★
B80: Petunjuk: Klik sel kolom SKOR lalu pilih nilai 1–5 dari dropdown. Kolom Interpretasi terisi otomatis.
B81: Kode | C81: Kriteria Penilaian | D81: Pertanyaan Panduan | E81: Skor (1-5) | F81: Interpretasi GA | G81: Catatan (GA) | I81: Kode | J81: Kriteria Penilaian | K81: Pertanyaan Panduan | L81: Skor (1-5) | M81: Interpretasi Greedy | N81: Catatan (Greedy)
B82: A | C82: Kesesuaian dengan Kondisi Penyakit | D82: Apakah menu yang dihasilkan sudah sesuai dengan kebutuhan pasien pada kondisi penyakit tersebut? | E82: 3 | F82: =IF(ISBLANK(E82),"— Belum diisi",IF(E82=1,"Sangat Tidak Sesuai",IF(E82=2,"Tidak Sesuai",IF(E82=3,"Cukup Sesuai",IF(E82=4,"Sesuai",IF(E82=5,"Sangat Sesuai","—")))))) -> Cukup Sesuai | G82: cukup sesuai, namun terdapat menu yang perlu disesuaikan kembali dengan diet pasien cvd yaitu pembatasan sodium dan lemak jenuh & trans | I82: A | J82: Kesesuaian dengan Kondisi Penyakit | K82: Apakah menu yang dihasilkan sudah sesuai dengan kebutuhan pasien pada kondisi penyakit tersebut? | L82: 3 | M82: =IF(ISBLANK(L82),"— Belum diisi",IF(L82=1,"Sangat Tidak Sesuai",IF(L82=2,"Tidak Sesuai",IF(L82=3,"Cukup Sesuai",IF(L82=4,"Sesuai",IF(L82=5,"Sangat Sesuai","—")))))) -> Cukup Sesuai | N82: cukup sesuai, namun terdapat menu yang perlu disesuaikan kembali dengan diet pasien cvd yaitu pembatasan sodium dan lemak jenuh & trans
B83: B | C83: Kesesuaian Kebutuhan Energi | D83: Apakah total energi harian yang diberikan sudah sesuai dengan kebutuhan pengguna? | E83: 3 | F83: =IF(ISBLANK(E83),"— Belum diisi",IF(E83=1,"Sangat Tidak Sesuai",IF(E83=2,"Tidak Sesuai",IF(E83=3,"Cukup Sesuai",IF(E83=4,"Sesuai",IF(E83=5,"Sangat Sesuai","—")))))) -> Cukup Sesuai | G83: TDEE masih bisa dikurangi | I83: B | J83: Kesesuaian Kebutuhan Energi | K83: Apakah total energi harian yang diberikan sudah sesuai dengan kebutuhan pengguna? | L83: 3 | M83: =IF(ISBLANK(L83),"— Belum diisi",IF(L83=1,"Sangat Tidak Sesuai",IF(L83=2,"Tidak Sesuai",IF(L83=3,"Cukup Sesuai",IF(L83=4,"Sesuai",IF(L83=5,"Sangat Sesuai","—")))))) -> Cukup Sesuai | N83: TDEE masih bisa dikurangi
B84: C | C84: Kesesuaian Distribusi Makronutrien | D84: Apakah distribusi karbohidrat, protein, dan lemak sudah proporsional dan sesuai standar? | E84: 3 | F84: =IF(ISBLANK(E84),"— Belum diisi",IF(E84=1,"Sangat Tidak Sesuai",IF(E84=2,"Tidak Sesuai",IF(E84=3,"Cukup Sesuai",IF(E84=4,"Sesuai",IF(E84=5,"Sangat Sesuai","—")))))) -> Cukup Sesuai | G84: % lemak masih perlu dikurangi karena ada pembatasan konsumsi lemak di penyakit cvd | I84: C | J84: Kesesuaian Distribusi Makronutrien | K84: Apakah distribusi karbohidrat, protein, dan lemak sudah proporsional dan sesuai standar? | L84: 3 | M84: =IF(ISBLANK(L84),"— Belum diisi",IF(L84=1,"Sangat Tidak Sesuai",IF(L84=2,"Tidak Sesuai",IF(L84=3,"Cukup Sesuai",IF(L84=4,"Sesuai",IF(L84=5,"Sangat Sesuai","—")))))) -> Cukup Sesuai | N84: % lemak masih perlu dikurangi karena ada pembatasan konsumsi lemak di penyakit cvd
B85: D | C85: Kesesuaian Pembatasan Nutrisi Khusus | D85: Apakah pembatasan nutrisi spesifik per penyakit sudah diterapkan dengan tepat? | E85: 4 | F85: =IF(ISBLANK(E85),"— Belum diisi",IF(E85=1,"Sangat Tidak Sesuai",IF(E85=2,"Tidak Sesuai",IF(E85=3,"Cukup Sesuai",IF(E85=4,"Sesuai",IF(E85=5,"Sangat Sesuai","—")))))) -> Sesuai | G85: terdapat pembatasan sodium dan kolestrol | I85: D | J85: Kesesuaian Pembatasan Nutrisi Khusus | K85: Apakah pembatasan nutrisi spesifik per penyakit sudah diterapkan dengan tepat? | L85: 3 | M85: =IF(ISBLANK(L85),"— Belum diisi",IF(L85=1,"Sangat Tidak Sesuai",IF(L85=2,"Tidak Sesuai",IF(L85=3,"Cukup Sesuai",IF(L85=4,"Sesuai",IF(L85=5,"Sangat Sesuai","—")))))) -> Cukup Sesuai | N85: terdapat pembatasan sodium dan kolestrol
B86: E | C86: Realisme Menu | D86: Apakah kombinasi makanan dalam menu realistis dan lazim untuk dikonsumsi sehari-hari? | E86: 3 | F86: =IF(ISBLANK(E86),"— Belum diisi",IF(E86=1,"Sangat Tidak Sesuai",IF(E86=2,"Tidak Sesuai",IF(E86=3,"Cukup Sesuai",IF(E86=4,"Sesuai",IF(E86=5,"Sangat Sesuai","—")))))) -> Cukup Sesuai | G86: terdapat menu yang perlu penambahan karbo dan sayur | I86: E | J86: Realisme Menu | K86: Apakah kombinasi makanan dalam menu realistis dan lazim untuk dikonsumsi sehari-hari? | L86: 3 | M86: =IF(ISBLANK(L86),"— Belum diisi",IF(L86=1,"Sangat Tidak Sesuai",IF(L86=2,"Tidak Sesuai",IF(L86=3,"Cukup Sesuai",IF(L86=4,"Sesuai",IF(L86=5,"Sangat Sesuai","—")))))) -> Cukup Sesuai | N86: terdapat menu yang perlu penambahan protein
B87: F | C87: Variasi dan Keberterimaan Menu | D87: Apakah menu cukup bervariasi antar waktu makan dan dapat diterima pengguna umum? | E87: 3 | F87: =IF(ISBLANK(E87),"— Belum diisi",IF(E87=1,"Sangat Tidak Sesuai",IF(E87=2,"Tidak Sesuai",IF(E87=3,"Cukup Sesuai",IF(E87=4,"Sesuai",IF(E87=5,"Sangat Sesuai","—")))))) -> Cukup Sesuai | G87: cukup bervariasi namun perlu ada yang di koreksi untuk menu yang keduanya di goreng, karena ada pembatasan konsumsi lemak | I87: F | J87: Variasi dan Keberterimaan Menu | K87: Apakah menu cukup bervariasi antar waktu makan dan dapat diterima pengguna umum? | L87: 3 | M87: =IF(ISBLANK(L87),"— Belum diisi",IF(L87=1,"Sangat Tidak Sesuai",IF(L87=2,"Tidak Sesuai",IF(L87=3,"Cukup Sesuai",IF(L87=4,"Sesuai",IF(L87=5,"Sangat Sesuai","—")))))) -> Cukup Sesuai | N87: cukup bervariasi namun perlu ada yang di koreksi untuk menu yang keduanya di goreng, karena ada pembatasan konsumsi lemak
B88: G | C88: Penilaian Keseluruhan | D88: Secara keseluruhan, apakah menu yang dihasilkan sistem layak direkomendasikan kepada pengguna? | E88: 3 | F88: =IF(ISBLANK(E88),"— Belum diisi",IF(E88=1,"Sangat Tidak Sesuai",IF(E88=2,"Tidak Sesuai",IF(E88=3,"Cukup Sesuai",IF(E88=4,"Sesuai",IF(E88=5,"Sangat Sesuai","—")))))) -> Cukup Sesuai | G88: sudah layak dengan beberapa catatan | I88: G | J88: Penilaian Keseluruhan | K88: Secara keseluruhan, apakah menu yang dihasilkan sistem layak direkomendasikan kepada pengguna? | L88: 3 | M88: =IF(ISBLANK(L88),"— Belum diisi",IF(L88=1,"Sangat Tidak Sesuai",IF(L88=2,"Tidak Sesuai",IF(L88=3,"Cukup Sesuai",IF(L88=4,"Sesuai",IF(L88=5,"Sangat Sesuai","—")))))) -> Cukup Sesuai | N88: sudah layak dengan beberapa catatan
B89: H | C89: Kesesuaian Porsi dan Ukuran Sajian | D89: Apakah ukuran porsi (g/ml) yang direkomendasikan realistis dan sesuai standar gizi klinis? | E89: 3 | F89: =IF(ISBLANK(E89),"— Belum diisi",IF(E89=1,"Sangat Tidak Sesuai",IF(E89=2,"Tidak Sesuai",IF(E89=3,"Cukup Sesuai",IF(E89=4,"Sesuai",IF(E89=5,"Sangat Sesuai","—")))))) -> Cukup Sesuai | G89: sudah cukup sesuai, namun perlu ada pengurangan porsi di beberapa menu | I89: H | J89: Kesesuaian Porsi dan Ukuran Sajian | K89: Apakah ukuran porsi (g/ml) yang direkomendasikan realistis dan sesuai standar gizi klinis? | L89: 4 | M89: =IF(ISBLANK(L89),"— Belum diisi",IF(L89=1,"Sangat Tidak Sesuai",IF(L89=2,"Tidak Sesuai",IF(L89=3,"Cukup Sesuai",IF(L89=4,"Sesuai",IF(L89=5,"Sangat Sesuai","—")))))) -> Sesuai
B90: I | C90: Ketepatan Distribusi Waktu Makan | D90: Apakah pembagian kalori per waktu makan (Sarapan 23,75% · Siang 33,75% · Malam 28,75% · Snack 13,75%) sudah sesuai pedoman gizi klinis? | E90: 4 | F90: =IF(ISBLANK(E90),"— Belum diisi",IF(E90=1,"Sangat Tidak Sesuai",IF(E90=2,"Tidak Sesuai",IF(E90=3,"Cukup Sesuai",IF(E90=4,"Sesuai",IF(E90=5,"Sangat Sesuai","—")))))) -> Sesuai | I90: I | J90: Ketepatan Distribusi Waktu Makan | K90: Apakah pembagian kalori per waktu makan (Sarapan 23,75% · Siang 33,75% · Malam 28,75% · Snack 13,75%) sudah sesuai pedoman gizi klinis? | L90: 4 | M90: =IF(ISBLANK(L90),"— Belum diisi",IF(L90=1,"Sangat Tidak Sesuai",IF(L90=2,"Tidak Sesuai",IF(L90=3,"Cukup Sesuai",IF(L90=4,"Sesuai",IF(L90=5,"Sangat Sesuai","—")))))) -> Sesuai
B91: RATA-RATA SKOR KESELURUHAN (Case ini) | E91: =IFERROR(AVERAGE(E82,E83,E84,E85,E86,E87,E88,E89,E90),"—") -> 3.2222222 | F91: =IF(ISNUMBER(E91),IF(E91<2,"Sangat Tidak Sesuai",IF(E91<3,"Tidak Sesuai",IF(E91<4,"Cukup Sesuai",IF(E91<4.6,"Sesuai","Sangat Sesuai")))),"—") -> Cukup Sesuai | I91: RATA-RATA SKOR KESELURUHAN (Case ini) | L91: =IFERROR(AVERAGE(L82,L83,L84,L85,L86,L87,L88,L89,L90),"—") -> 3.2222222 | M91: =IF(ISNUMBER(L91),IF(L91<2,"Sangat Tidak Sesuai",IF(L91<3,"Tidak Sesuai",IF(L91<4,"Cukup Sesuai",IF(L91<4.6,"Sesuai","Sangat Sesuai")))),"—") -> Cukup Sesuai
B93: BAGIAN 8 — KOMENTAR DAN SARAN AHLI GIZI
B94: 🔵 Komentar untuk GA | I94: 🟢 Komentar untuk Greedy
B95: Catatan Klinis Menu | I95: Catatan Klinis Menu
B96: → Adakah item makanan dalam menu ini yang tidak lazim, berpotensi kontraindikasi, atau perlu diganti dari sudut pandang klinis? | I96: → Adakah item makanan dalam menu ini yang tidak lazim, berpotensi kontraindikasi, atau perlu diganti dari sudut pandang klinis?
B97: Pada penderita CVD perlu terdapat pembatasan sodium, lemak jenuh & trans. Untuk menu dengan pengolahan di goreng/deep frying perlu dikurangi | I97: Pada penderita CVD perlu terdapat pembatasan sodium, lemak jenuh & trans. Untuk menu dengan pengolahan di goreng/deep frying perlu dikurangi
B102: Kesesuaian Panduan Gizi | I102: Kesesuaian Panduan Gizi
B103: → Apakah rekomendasi nutrisi yang diterapkan sudah selaras dengan pedoman gizi klinis yang Bapak/Ibu gunakan dalam praktik? Jika tidak, pedoman apa yang lebih tepat? | I103: → Apakah rekomendasi nutrisi yang diterapkan sudah selaras dengan pedoman gizi klinis yang Bapak/Ibu gunakan dalam praktik? Jika tidak, pedoman apa yang lebih tepat?
B104: Beberapa menu makanan dalam 1x makan belum memenuhi pedoman gizi seimbang. Pastikan menu variatif dan memenuhi pedoman gizi seimbang | I104: Beberapa menu makanan dalam 1x makan belum memenuhi pedoman gizi seimbang. Pastikan menu variatif dan memenuhi pedoman gizi seimbang
B109: Kelayakan Implementasi Klinis | I109: Kelayakan Implementasi Klinis
B110: → Apakah output sistem ini realistis untuk dijadikan acuan awal dalam konseling gizi di fasilitas kesehatan? Apa saran atau catatannya? | I110: → Apakah output sistem ini realistis untuk dijadikan acuan awal dalam konseling gizi di fasilitas kesehatan? Apa saran atau catatannya?
B111: realistis namun dengan catatan, terutama dalam penyesuaian menu | I111: realistis namun dengan catatan, terutama dalam penyesuaian menu

Sheet Case 5
B2: CASE 5 — HYPERCHOLESTEROLEMIA
B5: BAGIAN 1 — PROFIL USER | D5: BAGIAN 2 — KEBUTUHAN NUTRISI USER
B6: Usia | C6: 28 | D6: BMR (kcal) | E6: 1657,5
B7: Jenis Kelamin | C7: Pria | D7: TDEE (kcal) | E7: 3058,1
B8: Berat Badan (kg) | C8: 68 | D8: Energi Harian (kcal) | E8: 2905.2 – 3211.0
B9: Tinggi Badan (cm) | C9: 178 | D9: Protein (g) | E9: 99.4 – 130.0
B10: Tingkat Aktivitas | C10: Sedang | D10: Lemak / Fat (g) | E10: 85.0 – 118.9
B11: Kondisi Penyakit | C11: Kolesterol | D11: Karbohidrat (g) | E11: ≤ 420.5
D12: Air / Water (ml) | E12: ≥ 3700.0
B14: BAGIAN 3 — MENU YANG DIREKOMENDASIKAN SISTEM
B15: 🔵 GENETIC ALGORITHM (GA) | I15: 🟢 GREEDY ALGORITHM
B16: Waktu Makan | C16: Menu / Makanan | D16: Porsi (g/ml) | E16: Kalori (kcal) | F16: (diisi peneliti) | I16: Waktu Makan | J16: Menu / Makanan | K16: Porsi (g/ml) | L16: Kalori (kcal) | M16: (diisi peneliti)
B17: Breakfast — Main Course 1 | C17: Navy Beans | D17: 314 | E17: 439.6 | F17: apakah ada campuran/pure navy beans? porsinya bisa dikurangi | I17: Breakfast — Main Course 1 | J17: Whole Wheat Chapati | K17: 121g | L17: 361,8 | M17: keduanya sama2 karbo, bisa diganti salah satunya dengan protein atau sayur yang cocok
B18: Breakfast — Side Dish 1 | C18: Plain Dinner Rolls | D18: 100 | E18: 316 | F18: kurang sayur | I18: Breakfast — Side Dish 1 | J18: Corn Tortillas | K18: 95g | L18: 207,1
B19: Breakfast — Drink 1 | C19: Plain Greek Yogurt | D19: 181 | E19: 175.6 | F19: apakah ada campuran buah? porsinya bisa dikurangi | I19: Breakfast — Drink 1 | J19: Canned Purple Plums | K19: 118ml | L19: 119,2
B21: Lunch — Main Course 1 | C21: Cheesy Nachos | D21: 150 | E21: 514.5 | I21: Lunch — Main Course 1 | J21: Oats | K21: 152g | L21: 591,3 | M21: perpaduan kedua menu kurang sesuai
B22: Lunch — Side Dish 1 | C22: Prepared Edamame | D22: 149 | E22: 180.3 | I22: Lunch — Side Dish 1 | J22: Dried Cloud Ears | K22: 106g | L22: 301
B23: Lunch — Drink 1 | C23: Strawberry Banana Smoothie | D23: 149 | E23: 71.5 | I23: Lunch — Drink 1 | J23: Low Fat Fruit Yogurt | K23: 100ml | L23: 102 | M23: buahnya pake apa aja?
B25: Dinner — Main Course 1 | C25: Fried Tofu | D25: 134 | E25: 361.8 | I25: Dinner — Main Course 1 | J25: Homemade Falafel | K25: 139g | L25: 462,9
B26: Dinner — Side Dish 1 | C26: White Corn | D26: 100 | E26: 365 | I26: Dinner — Side Dish 1 | J26: Plain Dinner Rolls | K26: 64g | L26: 202,2
B27: Dinner — Drink 1 | C27: Unsweetened Frozen Apple Juice | D27: 133 | E27: 62.5 | F27: jus kemasan? | I27: Dinner — Drink 1 | J27: Fruit Punch Drink | K27: 100ml | L27: 175
B29: Snack — Option 1 | C29: Roasted Chestnuts | D29: 209 | E29: 420.1 | F29: porsi bisa dikurangi | I29: Snack — Option 1 | J29: Oriental Rice Snack Mix | K29: 80g | L29: 404,8
B31: BAGIAN 4 — DISTRIBUSI KALORI PER WAKTU MAKAN
B32: 🔵 GA — Distribusi Kalori | I32: 🟢 Greedy — Distribusi Kalori
B33: Waktu Makan | C33: Kalori (kcal) | D33: % Target | E33: Keterangan | F33: Aktual | I33: Waktu Makan | J33: Kalori (kcal) | K33: % Target | L33: Keterangan | M33: Aktual
B34: Breakfast (Sarapan) | C34: 931,2 | D34: 23,75% | E34: Konstanta sistem | F34: 0.304 | I34: Breakfast (Sarapan) | J34: 688.1 | K34: 0.2375 | L34: Konstanta sistem | M34: =J34/sum($J$34:$J$37) -> 0.23506303
B35: Lunch (Makan Siang) | C35: 766,3 | D35: 33,75% | E35: Konstanta sistem | F35: 0.251 | I35: Lunch (Makan Siang) | J35: 994.3 | K35: 0.3375 | L35: Konstanta sistem | M35: =J35/sum($J$34:$J$37) -> 0.33966454
B36: Dinner (Makan Malam) | C36: 789,3 | D36: 28,75% | E36: Konstanta sistem | F36: 0.258 | I36: Dinner (Makan Malam) | J36: 840.1 | K36: 0.2875 | L36: Konstanta sistem | M36: =J36/sum($J$34:$J$37) -> 0.28698801
B37: Snack | C37: 420,1 | D37: 13,75% | E37: Konstanta sistem | F37: 0.137 | I37: Snack | J37: 404.8 | K37: 0.1375 | L37: Konstanta sistem | M37: =J37/sum($J$34:$J$37) -> 0.13828443
B39: BAGIAN 5 — EVALUASI HARD CONSTRAINT
B40: 🔵 GA — Hard Constraint | I40: 🟢 Greedy — Hard Constraint
B41: Nutrisi | C41: Min – Max | D41: Aktual (diisi peneliti) | E41: Keterpenuhan (%) | F41: Keterangan | I41: Nutrisi | J41: Min – Max | K41: Aktual (diisi peneliti) | L41: Keterpenuhan (%)
B42: Energy (kcal) | C42: 2905.2 – 3211.0 | D42: 2906.88 | E42: 1 | I42: Energy (kcal) | J42: 2905.2 – 3211.0 | K42: 2927.3 | L42: 1
B43: Protein (g) | C43: 99.4 – 130.0 | D43: 116.64 | E43: 1 | I43: Protein (g) | J43: 99.4 – 130.0 | K43: 93.3 | L43: 0.938
B44: Fat (g) | C44: 85.0 – 118.9 | D44: 92.36 | E44: 1 | I44: Fat (g) | J44: 85.0 – 118.9 | K44: 76.9 | L44: 0.905
B45: Carbohydrate (g) | C45: ≤ 420.5 | D45: 420.3 | E45: 1 | I45: Carbohydrate (g) | J45: ≤ 420.5 | K45: 489.3 | L45: =K45/420.5 -> 1.1636147
B46: Sodium (mg) | C46: ≤ 2300.0 | D46: 1065.23 | E46: 1 | I46: Sodium (mg) | J46: ≤ 2300.0 | K46: 1538.6 | L46: 1
B47: Sugar (g) | C47: ≤ 38.2 | D47: 33.3 | E47: 1 | I47: Sugar (g) | J47: ≤ 38.2 | K47: 25.8 | L47: 1
B48: Cholesterol (mg) | C48: ≤ 200.0 | D48: 63.03 | E48: 1 | I48: Cholesterol (mg) | J48: ≤ 200.0 | K48: 26.4 | L48: 1
B49: Saturated Fat (g) | C49: ≤ 23.8 | D49: 15.56 | E49: 1 | I49: Saturated Fat (g) | J49: ≤ 23.8 | K49: 14.6 | L49: 1
B50: Trans Fat (g) | C50: ≤ 3.4 | D50: 0.1 | E50: 1 | I50: Trans Fat (g) | J50: ≤ 3.4 | K50: 0.0351 | L50: 1
B52: BAGIAN 6 — EVALUASI SOFT CONSTRAINT (Vitamin & Mineral)
B53: 🔵 GA — Soft Constraint | I53: 🟢 Greedy — Soft Constraint
B54: Nutrisi | C54: Target (DRI) | D54: Aktual (diisi peneliti) | E54: Keterpenuhan (%) | F54: Keterangan | I54: Nutrisi | J54: Target (DRI) | K54: Aktual (diisi peneliti) | L54: Keterpenuhan (%)
B55: Vitamin A (mg RAE) | C55: 0.9 – 3.0 | D55: 0.15 | E55: 0.1666667 | I55: Vitamin A (mg RAE) | J55: 0.9 – 3.0 | K55: 0.0834 | L55: 0.093
B56: Vitamin C (mg) | C56: 90.0 – 2000.0 | D56: 162.76 | E56: 1 | I56: Vitamin C (mg) | J56: 90.0 – 2000.0 | K56: 23.5 | L56: 0.261
B57: Vitamin D (mg) | C57: 0.0150 – 0.1 | D57: 0 | E57: 0 | I57: Vitamin D (mg) | J57: 0.0150 – 0.1 | K57: 0 | L57: 0
B58: Vitamin E (mg) | C58: 15.0 – 1000.0 | D58: 20.54 | E58: 1 | I58: Vitamin E (mg) | J58: 15.0 – 1000.0 | K58: 5.4 | L58: 0.362
B59: Vitamin K (mg) | C59: 0.1 | D59: 0.08 | E59: 0.6666667 | I59: Vitamin K (mg) | J59: 0.1 | K59: 0.006 | L59: 0.05
B60: Vitamin B1 (Thiamine) (mg) | C60: 1.2 | D60: 3.27 | E60: 1 | I60: Vitamin B1 (Thiamine) (mg) | J60: 1.2 | K60: 2.6 | L60: 1
B61: Vitamin B2 (Riboflavin) (mg) | C61: 1.3 | D61: 1.91 | E61: 1 | I61: Vitamin B2 (Riboflavin) (mg) | J61: 1.3 | K61: 2.4 | L61: 1
B62: Vitamin B3 (Niacin) (mg) | C62: 16.0 – 35.0 | D62: 13.86 | E62: 0.86625 | I62: Vitamin B3 (Niacin) (mg) | J62: 16.0 – 35.0 | K62: 21.9 | L62: 1
B63: Vitamin B5 (Pantothenic Acid) (mg) | C63: 5 | D63: 5.02 | E63: 1 | I63: Vitamin B5 (Pantothenic Acid) (mg) | J63: 5 | K63: 5.1 | L63: 1
B64: Vitamin B6 (mg) | C64: 1.3 – 100.0 | D64: 2.83 | E64: 1 | I64: Vitamin B6 (mg) | J64: 1.3 – 100.0 | K64: 1.2 | L64: 0.948
B65: Vitamin B9 (Folate) (mg) | C65: 0.5 – 1.0 | D65: 1.25 | E65: 1.25 | I65: Vitamin B9 (Folate) (mg) | J65: 0.5 – 1.0 | K65: 0.5 | L65: 0.915
B66: Vitamin B12 (mg) | C66: 0.0024 | D66: 0 | E66: 0 | I66: Vitamin B12 (mg) | J66: 0.0024 | K66: 0.0006 | L66: 0.25
B67: Calcium (mg) | C67: 1000.0 – 2500.0 | D67: 1247.54 | E67: 1 | I67: Calcium (mg) | J67: 1000.0 – 2500.0 | K67: 710.4 | L67: 0.71
B68: Iron / Zat Besi (mg) | C68: 8.0 – 45.0 | D68: 29.15 | E68: 1 | I68: Iron / Zat Besi (mg) | J68: 8.0 – 45.0 | K68: 27.7 | L68: 1
B69: Magnesium (mg) | C69: 400 | D69: 732.36 | E69: 1 | I69: Magnesium (mg) | J69: 400 | K69: 745.6 | L69: 1
B70: Phosphorus (mg) | C70: 700.0 – 4000.0 | D70: 2196.4 | E70: 1 | I70: Phosphorus (mg) | J70: 700.0 – 4000.0 | K70: 2181.8 | L70: 1
B71: Potassium (mg) | C71: 3400 | D71: 4663.45 | E71: 1 | I71: Potassium (mg) | J71: 3400 | K71: 3608 | L71: 1
B72: Zinc (mg) | C72: 11.0 – 40.0 | D72: 16.24 | E72: 1 | I72: Zinc (mg) | J72: 11.0 – 40.0 | K72: 16.7 | L72: 1
B73: Copper (mg) | C73: 0.9 – 10.0 | D73: 3.86 | E73: 1 | I73: Copper (mg) | J73: 0.9 – 10.0 | K73: 2.3 | L73: 1
B74: Manganese (mg) | C74: 2.3 – 11.0 | D74: 11.03 | E74: 1.0027273 | I74: Manganese (mg) | J74: 2.3 – 11.0 | K74: 14.5 | L74: =K74/11 -> 1.3181818
B75: Selenium (mg) | C75: 0.0550 – 0.4 | D75: 0.12 | E75: 1 | I75: Selenium (mg) | J75: 0.0550 – 0.4 | K75: 0.1 | L75: 1
B76: Air / Water (ml) | C76: 3700 | D76: 971.14 | E76: 0.2624703 | I76: Air / Water (ml) | J76: 3700 | K76: 399.6 | L76: 0.108
B77: Serat / Fiber (g) | C77: 38 | D77: 53.67 | E77: 1 | I77: Serat / Fiber (g) | J77: 38 | K77: 121.3 | L77: 1
B79: BAGIAN 7 — FORM PENILAIAN AHLI GIZI ★
B80: Petunjuk: Klik sel kolom SKOR lalu pilih nilai 1–5 dari dropdown. Kolom Interpretasi terisi otomatis.
B81: Kode | C81: Kriteria Penilaian | D81: Pertanyaan Panduan | E81: Skor (1-5) | F81: Interpretasi GA | G81: Catatan (GA) | I81: Kode | J81: Kriteria Penilaian | K81: Pertanyaan Panduan | L81: Skor (1-5) | M81: Interpretasi Greedy | N81: Catatan (Greedy)
B82: A | C82: Kesesuaian dengan Kondisi Penyakit | D82: Apakah menu yang dihasilkan sudah sesuai dengan kebutuhan pasien pada kondisi penyakit tersebut? | E82: 3 | F82: =IF(ISBLANK(E82),"— Belum diisi",IF(E82=1,"Sangat Tidak Sesuai",IF(E82=2,"Tidak Sesuai",IF(E82=3,"Cukup Sesuai",IF(E82=4,"Sesuai",IF(E82=5,"Sangat Sesuai","—")))))) -> Cukup Sesuai | G82: cukup sesuai, namun terdapat menu yang perlu disesuaikan kembali dengan diet pasien yaitu pembatasan lemak & kolestrol | I82: A | J82: Kesesuaian dengan Kondisi Penyakit | K82: Apakah menu yang dihasilkan sudah sesuai dengan kebutuhan pasien pada kondisi penyakit tersebut? | L82: 3 | M82: =IF(ISBLANK(L82),"— Belum diisi",IF(L82=1,"Sangat Tidak Sesuai",IF(L82=2,"Tidak Sesuai",IF(L82=3,"Cukup Sesuai",IF(L82=4,"Sesuai",IF(L82=5,"Sangat Sesuai","—")))))) -> Cukup Sesuai | N82: cukup sesuai, namun terdapat menu yang perlu disesuaikan kembali dengan diet pasien yaitu pembatasan lemak & kolestrol
B83: B | C83: Kesesuaian Kebutuhan Energi | D83: Apakah total energi harian yang diberikan sudah sesuai dengan kebutuhan pengguna? | E83: 3 | F83: =IF(ISBLANK(E83),"— Belum diisi",IF(E83=1,"Sangat Tidak Sesuai",IF(E83=2,"Tidak Sesuai",IF(E83=3,"Cukup Sesuai",IF(E83=4,"Sesuai",IF(E83=5,"Sangat Sesuai","—")))))) -> Cukup Sesuai | G83: TDEE masih bisa dikurangi | I83: B | J83: Kesesuaian Kebutuhan Energi | K83: Apakah total energi harian yang diberikan sudah sesuai dengan kebutuhan pengguna? | L83: 3 | M83: =IF(ISBLANK(L83),"— Belum diisi",IF(L83=1,"Sangat Tidak Sesuai",IF(L83=2,"Tidak Sesuai",IF(L83=3,"Cukup Sesuai",IF(L83=4,"Sesuai",IF(L83=5,"Sangat Sesuai","—")))))) -> Cukup Sesuai | N83: TDEE masih bisa dikurangi
B84: C | C84: Kesesuaian Distribusi Makronutrien | D84: Apakah distribusi karbohidrat, protein, dan lemak sudah proporsional dan sesuai standar? | E84: 4 | F84: =IF(ISBLANK(E84),"— Belum diisi",IF(E84=1,"Sangat Tidak Sesuai",IF(E84=2,"Tidak Sesuai",IF(E84=3,"Cukup Sesuai",IF(E84=4,"Sesuai",IF(E84=5,"Sangat Sesuai","—")))))) -> Sesuai | I84: C | J84: Kesesuaian Distribusi Makronutrien | K84: Apakah distribusi karbohidrat, protein, dan lemak sudah proporsional dan sesuai standar? | L84: 3 | M84: =IF(ISBLANK(L84),"— Belum diisi",IF(L84=1,"Sangat Tidak Sesuai",IF(L84=2,"Tidak Sesuai",IF(L84=3,"Cukup Sesuai",IF(L84=4,"Sesuai",IF(L84=5,"Sangat Sesuai","—")))))) -> Cukup Sesuai | N84: % karbo bisa dikurangi
B85: D | C85: Kesesuaian Pembatasan Nutrisi Khusus | D85: Apakah pembatasan nutrisi spesifik per penyakit sudah diterapkan dengan tepat? | E85: 4 | F85: =IF(ISBLANK(E85),"— Belum diisi",IF(E85=1,"Sangat Tidak Sesuai",IF(E85=2,"Tidak Sesuai",IF(E85=3,"Cukup Sesuai",IF(E85=4,"Sesuai",IF(E85=5,"Sangat Sesuai","—")))))) -> Sesuai | G85: sudah sesuai terdapat pembatasan lemak & kolestrol | I85: D | J85: Kesesuaian Pembatasan Nutrisi Khusus | K85: Apakah pembatasan nutrisi spesifik per penyakit sudah diterapkan dengan tepat? | L85: 4 | M85: =IF(ISBLANK(L85),"— Belum diisi",IF(L85=1,"Sangat Tidak Sesuai",IF(L85=2,"Tidak Sesuai",IF(L85=3,"Cukup Sesuai",IF(L85=4,"Sesuai",IF(L85=5,"Sangat Sesuai","—")))))) -> Sesuai | N85: sudah sesuai terdapat pembatasan lemak & kolestrol
B86: E | C86: Realisme Menu | D86: Apakah kombinasi makanan dalam menu realistis dan lazim untuk dikonsumsi sehari-hari? | E86: 4 | F86: =IF(ISBLANK(E86),"— Belum diisi",IF(E86=1,"Sangat Tidak Sesuai",IF(E86=2,"Tidak Sesuai",IF(E86=3,"Cukup Sesuai",IF(E86=4,"Sesuai",IF(E86=5,"Sangat Sesuai","—")))))) -> Sesuai | I86: E | J86: Realisme Menu | K86: Apakah kombinasi makanan dalam menu realistis dan lazim untuk dikonsumsi sehari-hari? | L86: 3 | M86: =IF(ISBLANK(L86),"— Belum diisi",IF(L86=1,"Sangat Tidak Sesuai",IF(L86=2,"Tidak Sesuai",IF(L86=3,"Cukup Sesuai",IF(L86=4,"Sesuai",IF(L86=5,"Sangat Sesuai","—")))))) -> Cukup Sesuai | N86: terdapat kombinasi makanan dalam 1x makan yang kurang sesuai
B87: F | C87: Variasi dan Keberterimaan Menu | D87: Apakah menu cukup bervariasi antar waktu makan dan dapat diterima pengguna umum? | E87: 4 | F87: =IF(ISBLANK(E87),"— Belum diisi",IF(E87=1,"Sangat Tidak Sesuai",IF(E87=2,"Tidak Sesuai",IF(E87=3,"Cukup Sesuai",IF(E87=4,"Sesuai",IF(E87=5,"Sangat Sesuai","—")))))) -> Sesuai | I87: F | J87: Variasi dan Keberterimaan Menu | K87: Apakah menu cukup bervariasi antar waktu makan dan dapat diterima pengguna umum? | L87: 3 | M87: =IF(ISBLANK(L87),"— Belum diisi",IF(L87=1,"Sangat Tidak Sesuai",IF(L87=2,"Tidak Sesuai",IF(L87=3,"Cukup Sesuai",IF(L87=4,"Sesuai",IF(L87=5,"Sangat Sesuai","—")))))) -> Cukup Sesuai | N87: 3. terdapat menu yang kurang bervariasi dan menunya hampir sama dalam 1x makan, perlu lebih bervariasi lagi
B88: G | C88: Penilaian Keseluruhan | D88: Secara keseluruhan, apakah menu yang dihasilkan sistem layak direkomendasikan kepada pengguna? | E88: 3 | F88: =IF(ISBLANK(E88),"— Belum diisi",IF(E88=1,"Sangat Tidak Sesuai",IF(E88=2,"Tidak Sesuai",IF(E88=3,"Cukup Sesuai",IF(E88=4,"Sesuai",IF(E88=5,"Sangat Sesuai","—")))))) -> Cukup Sesuai | G88: layak dengan catatan | I88: G | J88: Penilaian Keseluruhan | K88: Secara keseluruhan, apakah menu yang dihasilkan sistem layak direkomendasikan kepada pengguna? | L88: 3 | M88: =IF(ISBLANK(L88),"— Belum diisi",IF(L88=1,"Sangat Tidak Sesuai",IF(L88=2,"Tidak Sesuai",IF(L88=3,"Cukup Sesuai",IF(L88=4,"Sesuai",IF(L88=5,"Sangat Sesuai","—")))))) -> Cukup Sesuai | N88: layak dengan catatan
B89: H | C89: Kesesuaian Porsi dan Ukuran Sajian | D89: Apakah ukuran porsi (g/ml) yang direkomendasikan realistis dan sesuai standar gizi klinis? | E89: 3 | F89: =IF(ISBLANK(E89),"— Belum diisi",IF(E89=1,"Sangat Tidak Sesuai",IF(E89=2,"Tidak Sesuai",IF(E89=3,"Cukup Sesuai",IF(E89=4,"Sesuai",IF(E89=5,"Sangat Sesuai","—")))))) -> Cukup Sesuai | G89: beberapa menu porsinya terlalu banyak, perlu ada pengurangan porsi | I89: H | J89: Kesesuaian Porsi dan Ukuran Sajian | K89: Apakah ukuran porsi (g/ml) yang direkomendasikan realistis dan sesuai standar gizi klinis? | L89: 4 | M89: =IF(ISBLANK(L89),"— Belum diisi",IF(L89=1,"Sangat Tidak Sesuai",IF(L89=2,"Tidak Sesuai",IF(L89=3,"Cukup Sesuai",IF(L89=4,"Sesuai",IF(L89=5,"Sangat Sesuai","—")))))) -> Sesuai
B90: I | C90: Ketepatan Distribusi Waktu Makan | D90: Apakah pembagian kalori per waktu makan (Sarapan 23,75% · Siang 33,75% · Malam 28,75% · Snack 13,75%) sudah sesuai pedoman gizi klinis? | E90: 4 | F90: =IF(ISBLANK(E90),"— Belum diisi",IF(E90=1,"Sangat Tidak Sesuai",IF(E90=2,"Tidak Sesuai",IF(E90=3,"Cukup Sesuai",IF(E90=4,"Sesuai",IF(E90=5,"Sangat Sesuai","—")))))) -> Sesuai | I90: I | J90: Ketepatan Distribusi Waktu Makan | K90: Apakah pembagian kalori per waktu makan (Sarapan 23,75% · Siang 33,75% · Malam 28,75% · Snack 13,75%) sudah sesuai pedoman gizi klinis? | L90: 4 | M90: =IF(ISBLANK(L90),"— Belum diisi",IF(L90=1,"Sangat Tidak Sesuai",IF(L90=2,"Tidak Sesuai",IF(L90=3,"Cukup Sesuai",IF(L90=4,"Sesuai",IF(L90=5,"Sangat Sesuai","—")))))) -> Sesuai
B91: RATA-RATA SKOR KESELURUHAN (Case ini) | E91: =IFERROR(AVERAGE(E82,E83,E84,E85,E86,E87,E88,E89,E90),"—") -> 3.5555556 | F91: =IF(ISNUMBER(E91),IF(E91<2,"Sangat Tidak Sesuai",IF(E91<3,"Tidak Sesuai",IF(E91<4,"Cukup Sesuai",IF(E91<4.6,"Sesuai","Sangat Sesuai")))),"—") -> Cukup Sesuai | I91: RATA-RATA SKOR KESELURUHAN (Case ini) | L91: =IFERROR(AVERAGE(L82,L83,L84,L85,L86,L87,L88,L89,L90),"—") -> 3.3333333 | M91: =IF(ISNUMBER(L91),IF(L91<2,"Sangat Tidak Sesuai",IF(L91<3,"Tidak Sesuai",IF(L91<4,"Cukup Sesuai",IF(L91<4.6,"Sesuai","Sangat Sesuai")))),"—") -> Cukup Sesuai
B93: BAGIAN 8 — KOMENTAR DAN SARAN AHLI GIZI
B94: 🔵 Komentar untuk GA | I94: 🟢 Komentar untuk Greedy
B95: Catatan Klinis Menu | I95: Catatan Klinis Menu
B96: → Adakah item makanan dalam menu ini yang tidak lazim, berpotensi kontraindikasi, atau perlu diganti dari sudut pandang klinis? | I96: → Adakah item makanan dalam menu ini yang tidak lazim, berpotensi kontraindikasi, atau perlu diganti dari sudut pandang klinis?
B97: Pada penderita hypercholesterolemia perlu terdapat pembatasan sodium, lemak jenuh & trans. | I97: Pada penderita hypercholesterolemia perlu terdapat pembatasan sodium, lemak jenuh & trans.
B102: Kesesuaian Panduan Gizi | I102: Kesesuaian Panduan Gizi
B103: → Apakah rekomendasi nutrisi yang diterapkan sudah selaras dengan pedoman gizi klinis yang Bapak/Ibu gunakan dalam praktik? Jika tidak, pedoman apa yang lebih tepat? | I103: → Apakah rekomendasi nutrisi yang diterapkan sudah selaras dengan pedoman gizi klinis yang Bapak/Ibu gunakan dalam praktik? Jika tidak, pedoman apa yang lebih tepat?
B104: Pastikan menggunakan gizi seimbang yang terdiri atas: karbohidrat, protein hewani/nabati, sayur/buah dalam 1x makan | I104: Pastikan menggunakan gizi seimbang yang terdiri atas: karbohidrat, protein hewani/nabati, sayur/buah dalam 1x makan
B109: Kelayakan Implementasi Klinis | I109: Kelayakan Implementasi Klinis
B110: → Apakah output sistem ini realistis untuk dijadikan acuan awal dalam konseling gizi di fasilitas kesehatan? Apa saran atau catatannya? | I110: → Apakah output sistem ini realistis untuk dijadikan acuan awal dalam konseling gizi di fasilitas kesehatan? Apa saran atau catatannya?
B111: realistis namun dengan catatan, terutama dalam penyesuaian menu | I111: realistis namun dengan catatan, terutama dalam penyesuaian menu

Sheet Case 6
B2: CASE 6 — CHRONIC KIDNEY DISEASE STAGE 1
B5: BAGIAN 1 — PROFIL USER | D5: BAGIAN 2 — KEBUTUHAN NUTRISI USER
B6: Usia | C6: 28 | D6: BMR (kcal) | E6: 1657,5
B7: Jenis Kelamin | C7: Pria | D7: TDEE (kcal) | E7: 2499
B8: Berat Badan (kg) | C8: 68 | D8: Energi Harian (kcal) | E8: 2261.0 – 2499.0
B9: Tinggi Badan (cm) | C9: 178 | D9: Protein (g) | E9: 40.8 – 54.4
B10: Tingkat Aktivitas | C10: Sedang | D10: Lemak / Fat (g) | E10: 69.4 – 97.2
B11: Kondisi Penyakit | C11: CKD | D11: Karbohidrat (g) | E11: 341.3 – 377.2
D12: Air / Water (ml) | E12: ≥ 3700.0
B14: BAGIAN 3 — MENU YANG DIREKOMENDASIKAN SISTEM
B15: 🔵 GENETIC ALGORITHM (GA) | I15: 🟢 GREEDY ALGORITHM
B16: Waktu Makan | C16: Menu / Makanan | D16: Porsi (g/ml) | E16: Kalori (kcal) | F16: (diisi peneliti) | I16: Waktu Makan | J16: Menu / Makanan | K16: Porsi (g/ml) | L16: Kalori (kcal) | M16: (diisi peneliti)
B17: Breakfast — Main Course 1 | C17: Beef and Cheese Taquitos | D17: 125 | E17: 358.8 | I17: Breakfast — Main Course 1 | J17: Plain Naan Bread | K17: 101g | L17: 293,9
B18: Breakfast — Side Dish 1 | C18: Cooked Cardoon | D18: 124 | E18: 27.3 | F18: cardoon itu apa? | I18: Breakfast — Side Dish 1 | J18: Cottage-Cut French Fries | K18: 100g | L18: 218,0 | M18: lebih baik diganti dengan protein hewani
B19: Breakfast — Drink 1 | C19: Unsweetened Apple Juice | D19: 124 | E19: 57 | I19: Breakfast — Drink 1 | J19: Unsweetened Grape Juice | K19: 100ml | L19: 60,0
B21: Lunch — Main Course 1 | C21: Fresh Spinach Pasta | D21: 146 | E21: 421.9 | I21: Lunch — Main Course 1 | J21: Cheesy Nachos | K21: 118g | L21: 404,7 | M21: perpaduan keduanya kurang sesuai, bisa diganti sayur/protein
B22: Lunch — Side Dish 1 | C22: Thick-Cut Onion Rings | D22: 100 | E22: 327 | F22: lebih baik diganti dengan protein hewani | I22: Lunch — Side Dish 1 | J22: Irish Soda Bread | K22: 78g | L22: 226,2
B23: Lunch — Drink 1 | C23: Coconut Milk | D23: 100 | E23: 197 | I23: Lunch — Drink 1 | J23: Canned Purple Plums | K23: 117ml | L23: 118,2
B25: Dinner — Main Course 1 | C25: Homemade Pasta | D25: 239 | E25: 296.4 | F25: bisa dikurangi porsinya | I25: Dinner — Main Course 1 | J25: Microwaved Buttermilk Waffle | K25: 102g | L25: 294,8 | M25: lebih cocok jadi breakfast/snack
B26: Dinner — Side Dish 1 | C26: Hash Brown Potatoes | D26: 100 | E26: 242 | F26: doubel karbo | I26: Dinner — Side Dish 1 | J26: Peanut Sauce | K26: 50g | L26: 128,5
B27: Dinner — Drink 1 | C27: Unsweetened Almond Milk | D27: 238 | E27: 35.7 | F27: kurangi porsinya, penderita ckd perlu pembatasan cairan | I27: Dinner — Drink 1 | J27: Canned Purple Plums | K27: 101ml | L27: 102
B29: Snack — Option 1 | C29: Peeled Chestnuts | D29: 175 | E29: 343 | F29: kurangi porsinya, penderita ckd perlu pembatasan protein nabati | I29: Snack — Option 1 | J29: Pecan Pie | K29: 80g | L29: 329,6
B31: BAGIAN 4 — DISTRIBUSI KALORI PER WAKTU MAKAN
B32: 🔵 GA — Distribusi Kalori | I32: 🟢 Greedy — Distribusi Kalori
B33: Waktu Makan | C33: Kalori (kcal) | D33: % Target | E33: Keterangan | F33: Aktual | I33: Waktu Makan | J33: Kalori (kcal) | K33: % Target | L33: Keterangan | M33: Aktual
B34: Breakfast (Sarapan) | C34: 443,1 | D34: 0.2375 | E34: Konstanta sistem | F34: 0.177 | I34: Breakfast (Sarapan) | J34: 571.9 | K34: 23,75% | L34: Konstanta sistem | M34: =J34/sum($J$34:$J$37) -> 0.26283377
B35: Lunch (Makan Siang) | C35: 945,9 | D35: 0.3375 | E35: Konstanta sistem | F35: 0.379 | I35: Lunch (Makan Siang) | J35: 749.1 | K35: 33,75% | L35: Konstanta sistem | M35: =J35/sum($J$34:$J$37) -> 0.34427134
B36: Dinner (Makan Malam) | C36: 574,1 | D36: 0.2875 | E36: Konstanta sistem | F36: 0.23 | I36: Dinner (Makan Malam) | J36: 525.3 | K36: 28,75% | L36: Konstanta sistem | M36: =J36/sum($J$34:$J$37) -> 0.24141734
B37: Snack | C37: 343,0 | D37: 0.1375 | E37: Konstanta sistem | F37: 0.137 | I37: Snack | J37: 329.6 | K37: 13,75% | L37: Konstanta sistem | M37: =J37/sum($J$34:$J$37) -> 0.15147755
B39: BAGIAN 5 — EVALUASI HARD CONSTRAINT
B40: 🔵 GA — Hard Constraint | I40: 🟢 Greedy — Hard Constraint
B41: Nutrisi | C41: Min – Max | D41: Aktual (diisi peneliti) | E41: Keterpenuhan (%) | F41: Keterangan | I41: Nutrisi | J41: Min – Max | K41: Aktual (diisi peneliti) | L41: Keterpenuhan (%)
B42: Energy (kcal) | C42: 2261.0 – 2499.0 | D42: 2306.07 | E42: 1 | I42: Energy (kcal) | J42: 2261.0 – 2499.0 | K42: 2175.9 | L42: 0.962
B43: Protein (g) | C43: 40.8 – 54.4 | D43: 53.53 | E43: 1 | I43: Protein (g) | J43: 40.8 – 54.4 | K43: 38.7 | L43: 0.948
B44: Fat (g) | C44: 69.4 – 97.2 | D44: 926.05 | E44: 1 | I44: Fat (g) | J44: 69.4 – 97.2 | K44: 78.9 | L44: 1
B45: Carbohydrate (g) | C45: 341.3 – 377.2 | D45: 362 | E45: 1 | I45: Carbohydrate (g) | J45: 341.3 – 377.2 | K45: 339.8 | L45: 0.996
B46: Sodium (mg) | C46: ≤ 2000.0 | D46: 1737.34 | E46: 1 | I46: Sodium (mg) | J46: ≤ 2000.0 | K46: 2795.7 | L46: =K46/2000 -> 1.39785
B47: Sugar (g) | C47: ≤ 31.2 | D47: 21.92 | E47: 1 | I47: Sugar (g) | J47: ≤ 31.2 | K47: 33.5 | L47: =K47/31.2 -> 1.0737179
B48: Cholesterol (mg) | C48: ≤ 300.0 | D48: 120.33 | E48: 1 | I48: Cholesterol (mg) | J48: ≤ 300.0 | K48: 103.5 | L48: 1
B49: Saturated Fat (g) | C49: ≤ 27.8 | D49: 27.62 | E49: 1 | I49: Saturated Fat (g) | J49: ≤ 27.8 | K49: 15.5 | L49: 1
B50: Calcium (mg) | C50: 800.0 – 1000.0 | D50: 815.74 | E50: 1 | I50: Calcium (mg) | J50: 800.0 – 1000.0 | K50: 427.1 | L50: 0.534
B51: Phosphorus (mg) | C51: 800.0 – 1000.0 | D51: 926.05 | E51: 1 | I51: Phosphorus (mg) | J51: 800.0 – 1000.0 | K51: 1075.6 | L51: =K51/1000 -> 1.0756
B52: vitamin_c_mg | C52: 75.0 – 90.0 | D52: 77.28 | E52: 1 | I52: vitamin_c_mg | J52: 75.0 – 90.0 | K52: 12.6 | L52: 0.167
B54: BAGIAN 6 — EVALUASI SOFT CONSTRAINT (Vitamin & Mineral)
B55: 🔵 GA — Soft Constraint | I55: 🟢 Greedy — Soft Constraint
B56: Nutrisi | C56: Target (DRI) | D56: Aktual (diisi peneliti) | E56: Keterpenuhan (%) | F56: Keterangan | I56: Nutrisi | J56: Target (DRI) | K56: Aktual (diisi peneliti) | L56: Keterpenuhan (%)
B57: Vitamin A (mg RAE) | C57: 0.9 – 3.0 | D57: 0.09 | E57: 0.1 | I57: Vitamin A (mg RAE) | J57: 0.9 – 3.0 | K57: 0.6 | L57: 0.639
B58: Vitamin D (mg) | C58: 0.0150 – 0.1 | D58: 0 | E58: 0 | I58: Vitamin D (mg) | J58: 0.0150 – 0.1 | K58: 0 | L58: 0
B59: Vitamin E (mg) | C59: 15.0 – 1000.0 | D59: 19.63 | E59: 1 | I59: Vitamin E (mg) | J59: 15.0 – 1000.0 | K59: 7.4 | L59: 0.491
B60: Vitamin K (mg) | C60: 0.1 | D60: 0.09 | E60: 0.75 | I60: Vitamin K (mg) | J60: 0.1 | K60: 0.0347 | L60: 0.289
B61: Vitamin B1 (Thiamine) (mg) | C61: 1.2 | D61: 2.2 | E61: 1 | I61: Vitamin B1 (Thiamine) (mg) | J61: 1.2 | K61: 2.1 | L61: 1
B62: Vitamin B2 (Riboflavin) (mg) | C62: 1.3 | D62: 1.55 | E62: 1 | I62: Vitamin B2 (Riboflavin) (mg) | J62: 1.3 | K62: 1.9 | L62: 1
B63: Vitamin B3 (Niacin) (mg) | C63: 16.0 – 35.0 | D63: 19.92 | E63: 1 | I63: Vitamin B3 (Niacin) (mg) | J63: 16.0 – 35.0 | K63: 20.8 | L63: 1
B64: Vitamin B5 (Pantothenic Acid) (mg) | C64: 5 | D64: 4.07 | E64: 0.814 | I64: Vitamin B5 (Pantothenic Acid) (mg) | J64: 5 | K64: 2.8 | L64: 0.554
B65: Vitamin B6 (mg) | C65: 1.3 – 100.0 | D65: 1.91 | E65: 1 | I65: Vitamin B6 (mg) | J65: 1.3 – 100.0 | K65: 2 | L65: 1
B66: Vitamin B9 (Folate) (mg) | C66: 0.5 – 1.0 | D66: 0.81 | E66: 1 | I66: Vitamin B9 (Folate) (mg) | J66: 0.5 – 1.0 | K66: 0.2 | L66: 0.463
B67: Vitamin B12 (mg) | C67: 0.0024 | D67: 0 | E67: 0 | I67: Vitamin B12 (mg) | J67: 0.0024 | K67: 0.0027 | L67: 1
B68: Iron / Zat Besi (mg) | C68: 8.0 – 45.0 | D68: 19 | E68: 1 | I68: Iron / Zat Besi (mg) | J68: 8.0 – 45.0 | K68: 18.1 | L68: 1
B69: Magnesium (mg) | C69: 400 | D69: 380.74 | E69: 0.95185 | I69: Magnesium (mg) | J69: 400 | K69: 201.4 | L69: 0.503
B70: Potassium (mg) | C70: 3400 | D70: 3342.81 | E70: 0.9831794 | I70: Potassium (mg) | J70: 3400 | K70: 1875 | L70: 0.551
B71: Zinc (mg) | C71: 11.0 – 40.0 | D71: 7.21 | E71: 0.6554545 | I71: Zinc (mg) | J71: 11.0 – 40.0 | K71: 4.7 | L71: 0.428
B72: Copper (mg) | C72: 0.9 – 10.0 | D72: 1.77 | E72: 1 | I72: Copper (mg) | J72: 0.9 – 10.0 | K72: 0.9 | L72: 0.998
B73: Manganese (mg) | C73: 2.3 – 11.0 | D73: 4.51 | E73: 1 | I73: Manganese (mg) | J73: 2.3 – 11.0 | K73: 2.7 | L73: 1
B74: Selenium (mg) | C74: 0.0550 – 0.4 | D74: 0.02 | E74: 0.3636364 | I74: Selenium (mg) | J74: 0.0550 – 0.4 | K74: 0.0728 | L74: 1
B75: Air / Water (ml) | C75: 3700 | D75: 967.8 | E75: 0.2615676 | I75: Air / Water (ml) | J75: 3700 | K75: 475.6 | L75: 0.129
B76: Serat / Fiber (g) | C76: 38 | D76: 12.14 | E76: 0.3194737 | I76: Serat / Fiber (g) | J76: 38 | K76: 17 | L76: 0.446
B78: BAGIAN 7 — FORM PENILAIAN AHLI GIZI ★
B79: Petunjuk: Klik sel kolom SKOR lalu pilih nilai 1–5 dari dropdown. Kolom Interpretasi terisi otomatis.
B80: Kode | C80: Kriteria Penilaian | D80: Pertanyaan Panduan | E80: Skor (1-5) | F80: Interpretasi GA | G80: Catatan (GA) | I80: Kode | J80: Kriteria Penilaian | K80: Pertanyaan Panduan | L80: Skor (1-5) | M80: Interpretasi Greedy | N80: Catatan (Greedy)
B81: A | C81: Kesesuaian dengan Kondisi Penyakit | D81: Apakah menu yang dihasilkan sudah sesuai dengan kebutuhan pasien pada kondisi penyakit tersebut? | E81: 3 | F81: =IF(ISBLANK(E81),"— Belum diisi",IF(E81=1,"Sangat Tidak Sesuai",IF(E81=2,"Tidak Sesuai",IF(E81=3,"Cukup Sesuai",IF(E81=4,"Sesuai",IF(E81=5,"Sangat Sesuai","—")))))) -> Cukup Sesuai | G81: cukup sesuai, namun terdapat menu yang perlu disesuaikan kembali dengan diet pasien yaitu pembatasan protein & cairan | I81: A | J81: Kesesuaian dengan Kondisi Penyakit | K81: Apakah menu yang dihasilkan sudah sesuai dengan kebutuhan pasien pada kondisi penyakit tersebut? | L81: 3 | M81: =IF(ISBLANK(L81),"— Belum diisi",IF(L81=1,"Sangat Tidak Sesuai",IF(L81=2,"Tidak Sesuai",IF(L81=3,"Cukup Sesuai",IF(L81=4,"Sesuai",IF(L81=5,"Sangat Sesuai","—")))))) -> Cukup Sesuai | N81: cukup sesuai, namun terdapat menu yang perlu disesuaikan kembali dengan diet pasien yaitu pembatasan protein & cairan
B82: B | C82: Kesesuaian Kebutuhan Energi | D82: Apakah total energi harian yang diberikan sudah sesuai dengan kebutuhan pengguna? | E82: 3 | F82: =IF(ISBLANK(E82),"— Belum diisi",IF(E82=1,"Sangat Tidak Sesuai",IF(E82=2,"Tidak Sesuai",IF(E82=3,"Cukup Sesuai",IF(E82=4,"Sesuai",IF(E82=5,"Sangat Sesuai","—")))))) -> Cukup Sesuai | G82: bisa ditingkatkan lagi TDEE ke 2600 | I82: B | J82: Kesesuaian Kebutuhan Energi | K82: Apakah total energi harian yang diberikan sudah sesuai dengan kebutuhan pengguna? | L82: 3 | M82: =IF(ISBLANK(L82),"— Belum diisi",IF(L82=1,"Sangat Tidak Sesuai",IF(L82=2,"Tidak Sesuai",IF(L82=3,"Cukup Sesuai",IF(L82=4,"Sesuai",IF(L82=5,"Sangat Sesuai","—")))))) -> Cukup Sesuai | N82: bisa ditingkatkan lagi TDEE ke 2600
B83: C | C83: Kesesuaian Distribusi Makronutrien | D83: Apakah distribusi karbohidrat, protein, dan lemak sudah proporsional dan sesuai standar? | E83: 3 | F83: =IF(ISBLANK(E83),"— Belum diisi",IF(E83=1,"Sangat Tidak Sesuai",IF(E83=2,"Tidak Sesuai",IF(E83=3,"Cukup Sesuai",IF(E83=4,"Sesuai",IF(E83=5,"Sangat Sesuai","—")))))) -> Cukup Sesuai | G83: perlu cek perhitungan | I83: C | J83: Kesesuaian Distribusi Makronutrien | K83: Apakah distribusi karbohidrat, protein, dan lemak sudah proporsional dan sesuai standar? | L83: 3 | M83: =IF(ISBLANK(L83),"— Belum diisi",IF(L83=1,"Sangat Tidak Sesuai",IF(L83=2,"Tidak Sesuai",IF(L83=3,"Cukup Sesuai",IF(L83=4,"Sesuai",IF(L83=5,"Sangat Sesuai","—")))))) -> Cukup Sesuai | N83: perlu cek perhitungan
B84: D | C84: Kesesuaian Pembatasan Nutrisi Khusus | D84: Apakah pembatasan nutrisi spesifik per penyakit sudah diterapkan dengan tepat? | E84: 3 | F84: =IF(ISBLANK(E84),"— Belum diisi",IF(E84=1,"Sangat Tidak Sesuai",IF(E84=2,"Tidak Sesuai",IF(E84=3,"Cukup Sesuai",IF(E84=4,"Sesuai",IF(E84=5,"Sangat Sesuai","—")))))) -> Cukup Sesuai | G84: cukup sesuai, namun belum ada pembatasan air/cairan | I84: D | J84: Kesesuaian Pembatasan Nutrisi Khusus | K84: Apakah pembatasan nutrisi spesifik per penyakit sudah diterapkan dengan tepat? | L84: 3 | M84: =IF(ISBLANK(L84),"— Belum diisi",IF(L84=1,"Sangat Tidak Sesuai",IF(L84=2,"Tidak Sesuai",IF(L84=3,"Cukup Sesuai",IF(L84=4,"Sesuai",IF(L84=5,"Sangat Sesuai","—")))))) -> Cukup Sesuai | N84: cukup sesuai, namun belum ada pembatasan air/cairan
B85: E | C85: Realisme Menu | D85: Apakah kombinasi makanan dalam menu realistis dan lazim untuk dikonsumsi sehari-hari? | E85: 3 | F85: =IF(ISBLANK(E85),"— Belum diisi",IF(E85=1,"Sangat Tidak Sesuai",IF(E85=2,"Tidak Sesuai",IF(E85=3,"Cukup Sesuai",IF(E85=4,"Sesuai",IF(E85=5,"Sangat Sesuai","—")))))) -> Cukup Sesuai | G85: perlu beberapa perbaikan | I85: E | J85: Realisme Menu | K85: Apakah kombinasi makanan dalam menu realistis dan lazim untuk dikonsumsi sehari-hari? | L85: 3 | M85: =IF(ISBLANK(L85),"— Belum diisi",IF(L85=1,"Sangat Tidak Sesuai",IF(L85=2,"Tidak Sesuai",IF(L85=3,"Cukup Sesuai",IF(L85=4,"Sesuai",IF(L85=5,"Sangat Sesuai","—")))))) -> Cukup Sesuai | N85: perlu beberapa perbaikan
B86: F | C86: Variasi dan Keberterimaan Menu | D86: Apakah menu cukup bervariasi antar waktu makan dan dapat diterima pengguna umum? | E86: 3 | F86: =IF(ISBLANK(E86),"— Belum diisi",IF(E86=1,"Sangat Tidak Sesuai",IF(E86=2,"Tidak Sesuai",IF(E86=3,"Cukup Sesuai",IF(E86=4,"Sesuai",IF(E86=5,"Sangat Sesuai","—")))))) -> Cukup Sesuai | G86: 3. terdapat menu yang belum variatif | I86: F | J86: Variasi dan Keberterimaan Menu | K86: Apakah menu cukup bervariasi antar waktu makan dan dapat diterima pengguna umum? | L86: 3 | M86: =IF(ISBLANK(L86),"— Belum diisi",IF(L86=1,"Sangat Tidak Sesuai",IF(L86=2,"Tidak Sesuai",IF(L86=3,"Cukup Sesuai",IF(L86=4,"Sesuai",IF(L86=5,"Sangat Sesuai","—")))))) -> Cukup Sesuai | N86: 3. terdapat menu yang belum variatif
B87: G | C87: Penilaian Keseluruhan | D87: Secara keseluruhan, apakah menu yang dihasilkan sistem layak direkomendasikan kepada pengguna? | E87: 3 | F87: =IF(ISBLANK(E87),"— Belum diisi",IF(E87=1,"Sangat Tidak Sesuai",IF(E87=2,"Tidak Sesuai",IF(E87=3,"Cukup Sesuai",IF(E87=4,"Sesuai",IF(E87=5,"Sangat Sesuai","—")))))) -> Cukup Sesuai | G87: cukup sesuai dengan beberapa catatan | I87: G | J87: Penilaian Keseluruhan | K87: Secara keseluruhan, apakah menu yang dihasilkan sistem layak direkomendasikan kepada pengguna? | L87: 3 | M87: =IF(ISBLANK(L87),"— Belum diisi",IF(L87=1,"Sangat Tidak Sesuai",IF(L87=2,"Tidak Sesuai",IF(L87=3,"Cukup Sesuai",IF(L87=4,"Sesuai",IF(L87=5,"Sangat Sesuai","—")))))) -> Cukup Sesuai | N87: cukup sesuai dengan beberapa catatan
B88: H | C88: Kesesuaian Porsi dan Ukuran Sajian | D88: Apakah ukuran porsi (g/ml) yang direkomendasikan realistis dan sesuai standar gizi klinis? | E88: 3 | F88: =IF(ISBLANK(E88),"— Belum diisi",IF(E88=1,"Sangat Tidak Sesuai",IF(E88=2,"Tidak Sesuai",IF(E88=3,"Cukup Sesuai",IF(E88=4,"Sesuai",IF(E88=5,"Sangat Sesuai","—")))))) -> Cukup Sesuai | G88: terdapat beberapa menu yang perlu disesuaikan kembali porsinya karena terlalu banyak | I88: H | J88: Kesesuaian Porsi dan Ukuran Sajian | K88: Apakah ukuran porsi (g/ml) yang direkomendasikan realistis dan sesuai standar gizi klinis? | L88: 4 | M88: =IF(ISBLANK(L88),"— Belum diisi",IF(L88=1,"Sangat Tidak Sesuai",IF(L88=2,"Tidak Sesuai",IF(L88=3,"Cukup Sesuai",IF(L88=4,"Sesuai",IF(L88=5,"Sangat Sesuai","—")))))) -> Sesuai
B89: I | C89: Ketepatan Distribusi Waktu Makan | D89: Apakah pembagian kalori per waktu makan (Sarapan 23,75% · Siang 33,75% · Malam 28,75% · Snack 13,75%) sudah sesuai pedoman gizi klinis? | E89: 4 | F89: =IF(ISBLANK(E89),"— Belum diisi",IF(E89=1,"Sangat Tidak Sesuai",IF(E89=2,"Tidak Sesuai",IF(E89=3,"Cukup Sesuai",IF(E89=4,"Sesuai",IF(E89=5,"Sangat Sesuai","—")))))) -> Sesuai | I89: I | J89: Ketepatan Distribusi Waktu Makan | K89: Apakah pembagian kalori per waktu makan (Sarapan 23,75% · Siang 33,75% · Malam 28,75% · Snack 13,75%) sudah sesuai pedoman gizi klinis? | L89: 4 | M89: =IF(ISBLANK(L89),"— Belum diisi",IF(L89=1,"Sangat Tidak Sesuai",IF(L89=2,"Tidak Sesuai",IF(L89=3,"Cukup Sesuai",IF(L89=4,"Sesuai",IF(L89=5,"Sangat Sesuai","—")))))) -> Sesuai
B90: RATA-RATA SKOR KESELURUHAN (Case ini) | E90: =IFERROR(AVERAGE(E81,E82,E83,E84,E85,E86,E87,E88,E89),"—") -> 3.1111111 | F90: =IF(ISNUMBER(E90),IF(E90<2,"Sangat Tidak Sesuai",IF(E90<3,"Tidak Sesuai",IF(E90<4,"Cukup Sesuai",IF(E90<4.6,"Sesuai","Sangat Sesuai")))),"—") -> Cukup Sesuai | I90: RATA-RATA SKOR KESELURUHAN (Case ini) | L90: =IFERROR(AVERAGE(L81,L82,L83,L84,L85,L86,L87,L88,L89),"—") -> 3.2222222 | M90: =IF(ISNUMBER(L90),IF(L90<2,"Sangat Tidak Sesuai",IF(L90<3,"Tidak Sesuai",IF(L90<4,"Cukup Sesuai",IF(L90<4.6,"Sesuai","Sangat Sesuai")))),"—") -> Cukup Sesuai
B92: BAGIAN 8 — KOMENTAR DAN SARAN AHLI GIZI
B93: 🔵 Komentar untuk GA | I93: 🟢 Komentar untuk Greedy
B94: Catatan Klinis Menu | I94: Catatan Klinis Menu
B95: → Adakah item makanan dalam menu ini yang tidak lazim, berpotensi kontraindikasi, atau perlu diganti dari sudut pandang klinis? | I95: → Adakah item makanan dalam menu ini yang tidak lazim, berpotensi kontraindikasi, atau perlu diganti dari sudut pandang klinis?
B96: Pada penderita CKD perlu terdapat pembatasan protein dan cairan | I96: Pada penderita CKD perlu terdapat pembatasan protein dan cairan
B101: Kesesuaian Panduan Gizi | I101: Kesesuaian Panduan Gizi
B102: → Apakah rekomendasi nutrisi yang diterapkan sudah selaras dengan pedoman gizi klinis yang Bapak/Ibu gunakan dalam praktik? Jika tidak, pedoman apa yang lebih tepat? | I102: → Apakah rekomendasi nutrisi yang diterapkan sudah selaras dengan pedoman gizi klinis yang Bapak/Ibu gunakan dalam praktik? Jika tidak, pedoman apa yang lebih tepat?
B103: Pastikan menggunakan gizi seimbang yang terdiri atas: karbohidrat, protein hewani/nabati, sayur/buah dalam 1x makan | I103: Pastikan menggunakan gizi seimbang yang terdiri atas: karbohidrat, protein hewani/nabati, sayur/buah dalam 1x makan
B108: Kelayakan Implementasi Klinis | I108: Kelayakan Implementasi Klinis
B109: → Apakah output sistem ini realistis untuk dijadikan acuan awal dalam konseling gizi di fasilitas kesehatan? Apa saran atau catatannya? | I109: → Apakah output sistem ini realistis untuk dijadikan acuan awal dalam konseling gizi di fasilitas kesehatan? Apa saran atau catatannya?
B110: realistis namun dengan catatan, terutama dalam penyesuaian menu | I110: realistis namun dengan catatan, terutama dalam penyesuaian menu

Sheet Case 7
B2: CASE 7 — DIABETES + HYPERTENSION
B3: [DM] [HT] Dual : Gabungan guideline (DM) + (HT).
B5: BAGIAN 1 — PROFIL USER | D5: BAGIAN 2 — KEBUTUHAN NUTRISI USER
B6: Usia | C6: 55 | D6: BMR (kcal) | E6: 1103,5
B7: Jenis Kelamin | C7: Wanita | D7: TDEE (kcal) | E7: 1992,6
B8: Berat Badan (kg) | C8: 83 | D8: Energi Harian (kcal) | E8: 1992.6 – 2202.4
B9: Tinggi Badan (cm) | C9: 162 | D9: Protein (g) | E9: 71.0 – 78.5
B10: Tingkat Aktivitas | C10: Rendah | D10: Lemak / Fat (g) | E10: ≤ 60.4
B11: Kondisi Penyakit | C11: DM2 + Hipertensi | D11: Karbohidrat (g) | E11: 248.5 – 274.6
D12: Air / Water (ml) | E12: ≥ 2700.0
B14: BAGIAN 3 — MENU YANG DIREKOMENDASIKAN SISTEM
B15: 🔵 GENETIC ALGORITHM (GA) | I15: 🟢 GREEDY ALGORITHM
B16: Waktu Makan | C16: Menu / Makanan | D16: Porsi (g/ml) | E16: Kalori (kcal) | F16: (diisi peneliti) | I16: Waktu Makan | J16: Menu / Makanan | K16: Porsi (g/ml) | L16: Kalori (kcal) | M16: (diisi peneliti)
B17: Breakfast — Main Course 1 | C17: Canned Great Northern Beans | D17: 251 | E17: 286.1 | F17: kurangi porsinya | I17: Breakfast — Main Course 1 | J17: Fried Chicken Breast | K17: 165g | L17: 308,6
B18: Breakfast — Side Dish 1 | C18: Hash Brown Potatoes | D18: 100 | E18: 242 | I18: Breakfast — Side Dish 1 | J18: Poi | K18: 106g | L18: 118,7
B19: Breakfast — Drink 1 | C19: Chilled Orange Juice | D19: 199 | E19: 93.5 | F19: kurangi porsinya | I19: Breakfast — Drink 1 | J19: Canned Purple Plums | K19: 100ml | L19: 101 | M19: sebaiknya diganti karena tinggi gula
B21: Lunch — Main Course 1 | C21: Cheesy Nachos | D21: 101 | E21: 346.4 | F21: sebaiknya diganti menu lain karena menu ini tinggi sodium (garam) | I21: Lunch — Main Course 1 | J21: Whole Grain English Muffins | K21: 132g | L21: 323,4
B22: Lunch — Side Dish 1 | C22: Succotash | D22: 100 | E22: 115 | I22: Lunch — Side Dish 1 | J22: Shoestring French Fries | K22: 121g | L22: 197,2 | M22: sebaiknya diganti protein/sayur
B23: Lunch — Drink 1 | C23: Reduced Fat Milk | D23: 100 | E23: 51 | I23: Lunch — Drink 1 | J23: Canned Purple Plums | K23: 126ml | L23: 127,3 | M23: sebaiknya diganti karena tinggi gula
B25: Dinner — Main Course 1 | C25: Roasted Chicken | D25: 101 | E25: 236.3 | I25: Dinner — Main Course 1 | J25: Tuna Sub | K25: 101g | L25: 223,2 | M25: pakai sayuran kah?
B26: Dinner — Side Dish 1 | C26: French Fries | D26: 100 | E26: 312 | I26: Dinner — Side Dish 1 | J26: Homemade Hummus | K26: 98g | L26: 173,5
B27: Dinner — Drink 1 | C27: Lowfat Milk | D27: 100 | E27: 43 | I27: Dinner — Drink 1 | J27: Canned Purple Plums | K27: 100ml | L27: 101 | M27: sebaiknya diganti karena tinggi gula
B29: Snack — Option 1 | C29: Mixed-Grain English Muffins | D29: 117 | E29: 274.9 | I29: Snack — Option 1 | J29: Soft Pretzels | K29: 80g | L29: 270,4
B31: BAGIAN 4 — DISTRIBUSI KALORI PER WAKTU MAKAN
B32: 🔵 GA — Distribusi Kalori | I32: 🟢 Greedy — Distribusi Kalori
B33: Waktu Makan | C33: Kalori (kcal) | D33: % Target | E33: Keterangan | F33: Aktual | I33: Waktu Makan | J33: Kalori (kcal) | K33: % Target | L33: Keterangan | M33: Aktual
B34: Breakfast (Sarapan) | C34: 621,7 | D34: 23,75% | E34: Konstanta sistem | F34: 0.312 | I34: Breakfast (Sarapan) | J34: 528.3 | K34: 23,75% | L34: Konstanta sistem | M34: =J34/sum($J$34:$J$37) -> 0.27171733
B35: Lunch (Makan Siang) | C35: 512,4 | D35: 33,75% | E35: Konstanta sistem | F35: 0.257 | I35: Lunch (Makan Siang) | J35: 647.9 | K35: 33,75% | L35: Konstanta sistem | M35: =J35/sum($J$34:$J$37) -> 0.33323047
B36: Dinner (Makan Malam) | C36: 591,3 | D36: 28,75% | E36: Konstanta sistem | F36: 0.297 | I36: Dinner (Makan Malam) | J36: 497.7 | K36: 28,75% | L36: Konstanta sistem | M36: =J36/sum($J$34:$J$37) -> 0.25597902
B37: Snack | C37: 275,0 | D37: 13,75% | E37: Konstanta sistem | F37: 0.138 | I37: Snack | J37: 270.4 | K37: 13,75% | L37: Konstanta sistem | M37: =J37/sum($J$34:$J$37) -> 0.13907319
B39: BAGIAN 5 — EVALUASI HARD CONSTRAINT
B40: 🔵 GA — Hard Constraint | I40: 🟢 Greedy — Hard Constraint
B41: Nutrisi | C41: Min – Max | D41: Aktual (diisi peneliti) | E41: Keterpenuhan (%) | F41: Keterangan | I41: Nutrisi | J41: Min – Max | K41: Aktual (diisi peneliti) | L41: Keterpenuhan (%)
B42: Energy (kcal) | C42: 1992.6 – 2202.4 | D42: 2000.39 | E42: 1 | I42: Energy (kcal) | J42: 1992.6 – 2202.4 | K42: 1944.3 | L42: 0.976
B43: Protein (g) | C43: 71.0 – 78.5 | D43: 80.61 | E43: 1.027 | I43: Protein (g) | J43: 71.0 – 78.5 | K43: 92.4 | L43: =K43/78.5 -> 1.1770701
B44: Fat (g) | C44: ≤ 60.4 | D44: 67.17 | E44: 1.111 | I44: Fat (g) | J44: ≤ 60.4 | K44: 41.2 | L44: 0.753
B45: Carbohydrate (g) | C45: 248.5 – 274.6 | D45: 274.43 | E45: 1 | I45: Carbohydrate (g) | J45: 248.5 – 274.6 | K45: 304 | L45: =K45/274.6 -> 1.1070648
B46: Sodium (mg) | C46: ≤ 2300.0 | D46: 2085.26 | E46: 1 | I46: Sodium (mg) | J46: ≤ 2300.0 | K46: 1837.2 | L46: 1
B47: Sugar (g) | C47: ≤ 24.9 | D47: 24.68 | E47: 1 | I47: Sugar (g) | J47: ≤ 24.9 | K47: 5.4 | L47: 1
B48: Cholesterol (mg) | C48: ≤ 150.0 | D48: 123.1 | E48: 1 | I48: Cholesterol (mg) | J48: ≤ 150.0 | K48: 178.4 | L48: =K48/150 -> 1.1893333
B49: Serat / Fiber (g) | C49: 30.0 – 35.0 | D49: 31.31 | E49: 1 | I49: Serat / Fiber (g) | J49: 30.0 – 35.0 | K49: 17.1 | L49: 0.569
B50: vitamin_c_mg | C50: 75.0 – 90.0 | D50: 89.33 | E50: 1 | I50: vitamin_c_mg | J50: 75.0 – 90.0 | K50: 28.2 | L50: 0.376
B51: vitamin_a_rae_mg | C51: 0.7 – 0.9 | D51: 0.34 | E51: 0.486 | I51: vitamin_a_rae_mg | J51: 0.7 – 0.9 | K51: 0.0682 | L51: 0.097
B52: Vitamin B6 (mg) | C52: 1.3 | D52: 1.99 | E52: 1 | I52: Vitamin B6 (mg) | J52: 1.3 | K52: 2.4 | L52: 1
B53: Vitamin B12 (mg) | C53: 0.0024 | D53: 0 | E53: 0 | I53: Vitamin B12 (mg) | J53: 0.0024 | K53: 0.0017 | L53: 0.708
B54: Iron / Zat Besi (mg) | C54: 8.0 – 18.0 | D54: 15.94 | E54: 1 | I54: Iron / Zat Besi (mg) | J54: 8.0 – 18.0 | K54: 15.9 | L54: 1
B55: zinc_mg | C55: 8.0 – 11.0 | D55: 9.01 | E55: 1 | I55: zinc_mg | J55: 8.0 – 11.0 | K55: 6.5 | L55: 0.807
B56: Calcium (mg) | C56: 950.0 – 1050.0 | D56: 1020.73 | E56: 1 | I56: Calcium (mg) | J56: 950.0 – 1050.0 | K56: 474.6 | L56: 0.5
B57: Potassium (mg) | C57: 3400.0 – 4465.0 | D57: 4014.49 | E57: 1 | I57: Potassium (mg) | J57: 3400.0 – 4465.0 | K57: 1988.4 | L57: 0.585
B58: Saturated Fat (g) | C58: ≤ 13.3 | D58: 11.62 | E58: 1 | I58: Saturated Fat (g) | J58: ≤ 13.3 | K58: 7.7 | L58: 1
B59: magnesium_mg | C59: 240.0 – 500.0 | D59: 411.52 | E59: 1 | I59: magnesium_mg | J59: 240.0 – 500.0 | K59: 229.3 | L59: 0.955
B61: BAGIAN 6 — EVALUASI SOFT CONSTRAINT (Vitamin & Mineral)
B62: 🔵 GA — Soft Constraint | I62: 🟢 Greedy — Soft Constraint
B63: Nutrisi | C63: Target (DRI) | D63: Aktual (diisi peneliti) | E63: Keterpenuhan (%) | F63: Keterangan | I63: Nutrisi | J63: Target (DRI) | K63: Aktual (diisi peneliti) | L63: Keterpenuhan (%)
B64: Vitamin D (mg) | C64: 0.0150 – 0.1 | D64: 0 | E64: 0 | I64: Vitamin D (mg) | J64: 0.0150 – 0.1 | K64: 0.0002 | L64: 0.013
B65: Vitamin E (mg) | C65: 15.0 – 1000.0 | D65: 10.18 | E65: 0.6786667 | I65: Vitamin E (mg) | J65: 15.0 – 1000.0 | K65: 6.4 | L65: 0.424
B66: Vitamin K (mg) | C66: 0.09 | D66: 0.06 | E66: 0.6666667 | I66: Vitamin K (mg) | J66: 0.09 | K66: 0.0163 | L66: 0.181
B67: Vitamin B1 (Thiamine) (mg) | C67: 1.1 | D67: 1.58 | E67: 1 | I67: Vitamin B1 (Thiamine) (mg) | J67: 1.1 | K67: 1.4 | L67: 1
B68: Vitamin B2 (Riboflavin) (mg) | C68: 1.1 | D68: 1.49 | E68: 1 | I68: Vitamin B2 (Riboflavin) (mg) | J68: 1.1 | K68: 1.1 | L68: 1
B69: Vitamin B3 (Niacin) (mg) | C69: 14.0 – 35.0 | D69: 22.24 | E69: 1 | I69: Vitamin B3 (Niacin) (mg) | J69: 14.0 – 35.0 | K69: 43.3 | L69: =K69/35 -> 1.2371429
B70: Vitamin B5 (Pantothenic Acid) (mg) | C70: 5 | D70: 5.66 | E70: 1 | I70: Vitamin B5 (Pantothenic Acid) (mg) | J70: 5 | K70: 3.5 | L70: 0.7
B71: Vitamin B9 (Folate) (mg) | C71: 0.1 – 1.0 | D71: 0.47 | E71: 1 | I71: Vitamin B9 (Folate) (mg) | J71: 0.1 – 1.0 | K71: 0.3 | L71: 1
B72: Phosphorus (mg) | C72: 700.0 – 4000.0 | D72: 1477.46 | E72: 1 | I72: Phosphorus (mg) | J72: 700.0 – 4000.0 | K72: 1044 | L72: 1
B73: Copper (mg) | C73: 0.9 – 10.0 | D73: 1.33 | E73: 1 | I73: Copper (mg) | J73: 0.9 – 10.0 | K73: 1.1 | L73: 1
B74: Manganese (mg) | C74: 1.8 – 11.0 | D74: 3.24 | E74: 1 | I74: Manganese (mg) | J74: 1.8 – 11.0 | K74: 1.5 | L74: 0.826
B75: Selenium (mg) | C75: 0.0550 – 0.4 | D75: 0.07 | E75: 1 | I75: Selenium (mg) | J75: 0.0550 – 0.4 | K75: 0.1 | L75: 1
B76: Air / Water (ml) | C76: 2700 | D76: 830.66 | E76: 0.3076519 | I76: Air / Water (ml) | J76: 2700 | K76: 677.8 | L76: 0.251
B78: BAGIAN 7 — FORM PENILAIAN AHLI GIZI ★
B79: Petunjuk: Klik sel kolom SKOR lalu pilih nilai 1–5 dari dropdown. Kolom Interpretasi terisi otomatis.
B80: Kode | C80: Kriteria Penilaian | D80: Pertanyaan Panduan | E80: Skor (1-5) | F80: Interpretasi GA | G80: Catatan (GA) | I80: Kode | J80: Kriteria Penilaian | K80: Pertanyaan Panduan | L80: Skor (1-5) | M80: Interpretasi Greedy | N80: Catatan (Greedy)
B81: A | C81: Kesesuaian dengan Kondisi Penyakit | D81: Apakah menu yang dihasilkan sudah sesuai dengan kebutuhan pasien pada kondisi penyakit tersebut? | E81: 3 | F81: =IF(ISBLANK(E81),"— Belum diisi",IF(E81=1,"Sangat Tidak Sesuai",IF(E81=2,"Tidak Sesuai",IF(E81=3,"Cukup Sesuai",IF(E81=4,"Sesuai",IF(E81=5,"Sangat Sesuai","—")))))) -> Cukup Sesuai | G81: cukup sesuai namun masih ada menu yang perlu disesuaikan kembali, terutama pembatasan gula dan sodium/garam | I81: A | J81: Kesesuaian dengan Kondisi Penyakit | K81: Apakah menu yang dihasilkan sudah sesuai dengan kebutuhan pasien pada kondisi penyakit tersebut? | L81: 3 | M81: =IF(ISBLANK(L81),"— Belum diisi",IF(L81=1,"Sangat Tidak Sesuai",IF(L81=2,"Tidak Sesuai",IF(L81=3,"Cukup Sesuai",IF(L81=4,"Sesuai",IF(L81=5,"Sangat Sesuai","—")))))) -> Cukup Sesuai | N81: cukup sesuai namun masih ada menu yang perlu disesuaikan kembali
B82: B | C82: Kesesuaian Kebutuhan Energi | D82: Apakah total energi harian yang diberikan sudah sesuai dengan kebutuhan pengguna? | E82: 3 | F82: =IF(ISBLANK(E82),"— Belum diisi",IF(E82=1,"Sangat Tidak Sesuai",IF(E82=2,"Tidak Sesuai",IF(E82=3,"Cukup Sesuai",IF(E82=4,"Sesuai",IF(E82=5,"Sangat Sesuai","—")))))) -> Cukup Sesuai | I82: B | J82: Kesesuaian Kebutuhan Energi | K82: Apakah total energi harian yang diberikan sudah sesuai dengan kebutuhan pengguna? | L82: 3 | M82: =IF(ISBLANK(L82),"— Belum diisi",IF(L82=1,"Sangat Tidak Sesuai",IF(L82=2,"Tidak Sesuai",IF(L82=3,"Cukup Sesuai",IF(L82=4,"Sesuai",IF(L82=5,"Sangat Sesuai","—")))))) -> Cukup Sesuai
B83: C | C83: Kesesuaian Distribusi Makronutrien | D83: Apakah distribusi karbohidrat, protein, dan lemak sudah proporsional dan sesuai standar? | E83: 3 | F83: =IF(ISBLANK(E83),"— Belum diisi",IF(E83=1,"Sangat Tidak Sesuai",IF(E83=2,"Tidak Sesuai",IF(E83=3,"Cukup Sesuai",IF(E83=4,"Sesuai",IF(E83=5,"Sangat Sesuai","—")))))) -> Cukup Sesuai | G83: cek rumus | I83: C | J83: Kesesuaian Distribusi Makronutrien | K83: Apakah distribusi karbohidrat, protein, dan lemak sudah proporsional dan sesuai standar? | L83: 3 | M83: =IF(ISBLANK(L83),"— Belum diisi",IF(L83=1,"Sangat Tidak Sesuai",IF(L83=2,"Tidak Sesuai",IF(L83=3,"Cukup Sesuai",IF(L83=4,"Sesuai",IF(L83=5,"Sangat Sesuai","—")))))) -> Cukup Sesuai | N83: cek rumus
B84: D | C84: Kesesuaian Pembatasan Nutrisi Khusus | D84: Apakah pembatasan nutrisi spesifik per penyakit sudah diterapkan dengan tepat? | E84: 4 | F84: =IF(ISBLANK(E84),"— Belum diisi",IF(E84=1,"Sangat Tidak Sesuai",IF(E84=2,"Tidak Sesuai",IF(E84=3,"Cukup Sesuai",IF(E84=4,"Sesuai",IF(E84=5,"Sangat Sesuai","—")))))) -> Sesuai | I84: D | J84: Kesesuaian Pembatasan Nutrisi Khusus | K84: Apakah pembatasan nutrisi spesifik per penyakit sudah diterapkan dengan tepat? | L84: 4 | M84: =IF(ISBLANK(L84),"— Belum diisi",IF(L84=1,"Sangat Tidak Sesuai",IF(L84=2,"Tidak Sesuai",IF(L84=3,"Cukup Sesuai",IF(L84=4,"Sesuai",IF(L84=5,"Sangat Sesuai","—")))))) -> Sesuai
B85: E | C85: Realisme Menu | D85: Apakah kombinasi makanan dalam menu realistis dan lazim untuk dikonsumsi sehari-hari? | E85: 3 | F85: =IF(ISBLANK(E85),"— Belum diisi",IF(E85=1,"Sangat Tidak Sesuai",IF(E85=2,"Tidak Sesuai",IF(E85=3,"Cukup Sesuai",IF(E85=4,"Sesuai",IF(E85=5,"Sangat Sesuai","—")))))) -> Cukup Sesuai | G85: terdapat kombinasi menu yang kurang sesuai dan perlu diganti | I85: E | J85: Realisme Menu | K85: Apakah kombinasi makanan dalam menu realistis dan lazim untuk dikonsumsi sehari-hari? | L85: 3 | M85: =IF(ISBLANK(L85),"— Belum diisi",IF(L85=1,"Sangat Tidak Sesuai",IF(L85=2,"Tidak Sesuai",IF(L85=3,"Cukup Sesuai",IF(L85=4,"Sesuai",IF(L85=5,"Sangat Sesuai","—")))))) -> Cukup Sesuai | N85: terdapat kombinasi menu yang kurang sesuai dan perlu diganti
B86: F | C86: Variasi dan Keberterimaan Menu | D86: Apakah menu cukup bervariasi antar waktu makan dan dapat diterima pengguna umum? | E86: 3 | F86: =IF(ISBLANK(E86),"— Belum diisi",IF(E86=1,"Sangat Tidak Sesuai",IF(E86=2,"Tidak Sesuai",IF(E86=3,"Cukup Sesuai",IF(E86=4,"Sesuai",IF(E86=5,"Sangat Sesuai","—")))))) -> Cukup Sesuai | G86: 3. sudah cukup variatif | I86: F | J86: Variasi dan Keberterimaan Menu | K86: Apakah menu cukup bervariasi antar waktu makan dan dapat diterima pengguna umum? | L86: 3 | M86: =IF(ISBLANK(L86),"— Belum diisi",IF(L86=1,"Sangat Tidak Sesuai",IF(L86=2,"Tidak Sesuai",IF(L86=3,"Cukup Sesuai",IF(L86=4,"Sesuai",IF(L86=5,"Sangat Sesuai","—")))))) -> Cukup Sesuai | N86: 3. masih kurang bervariasi terutama di drink
B87: G | C87: Penilaian Keseluruhan | D87: Secara keseluruhan, apakah menu yang dihasilkan sistem layak direkomendasikan kepada pengguna? | E87: 3 | F87: =IF(ISBLANK(E87),"— Belum diisi",IF(E87=1,"Sangat Tidak Sesuai",IF(E87=2,"Tidak Sesuai",IF(E87=3,"Cukup Sesuai",IF(E87=4,"Sesuai",IF(E87=5,"Sangat Sesuai","—")))))) -> Cukup Sesuai | G87: cukup sesuai dengan beberapa catatan | I87: G | J87: Penilaian Keseluruhan | K87: Secara keseluruhan, apakah menu yang dihasilkan sistem layak direkomendasikan kepada pengguna? | L87: 3 | M87: =IF(ISBLANK(L87),"— Belum diisi",IF(L87=1,"Sangat Tidak Sesuai",IF(L87=2,"Tidak Sesuai",IF(L87=3,"Cukup Sesuai",IF(L87=4,"Sesuai",IF(L87=5,"Sangat Sesuai","—")))))) -> Cukup Sesuai | N87: cukup sesuai dengan beberapa catatan
B88: H | C88: Kesesuaian Porsi dan Ukuran Sajian | D88: Apakah ukuran porsi (g/ml) yang direkomendasikan realistis dan sesuai standar gizi klinis? | E88: 3 | F88: =IF(ISBLANK(E88),"— Belum diisi",IF(E88=1,"Sangat Tidak Sesuai",IF(E88=2,"Tidak Sesuai",IF(E88=3,"Cukup Sesuai",IF(E88=4,"Sesuai",IF(E88=5,"Sangat Sesuai","—")))))) -> Cukup Sesuai | G88: masih terdapat porsi makan yang terlalu banyak dan perlu dikurangi | I88: H | J88: Kesesuaian Porsi dan Ukuran Sajian | K88: Apakah ukuran porsi (g/ml) yang direkomendasikan realistis dan sesuai standar gizi klinis? | L88: 4 | M88: =IF(ISBLANK(L88),"— Belum diisi",IF(L88=1,"Sangat Tidak Sesuai",IF(L88=2,"Tidak Sesuai",IF(L88=3,"Cukup Sesuai",IF(L88=4,"Sesuai",IF(L88=5,"Sangat Sesuai","—")))))) -> Sesuai | N88: porsi sudah sesuai
B89: I | C89: Ketepatan Distribusi Waktu Makan | D89: Apakah pembagian kalori per waktu makan (Sarapan 23,75% · Siang 33,75% · Malam 28,75% · Snack 13,75%) sudah sesuai pedoman gizi klinis? | E89: 4 | F89: =IF(ISBLANK(E89),"— Belum diisi",IF(E89=1,"Sangat Tidak Sesuai",IF(E89=2,"Tidak Sesuai",IF(E89=3,"Cukup Sesuai",IF(E89=4,"Sesuai",IF(E89=5,"Sangat Sesuai","—")))))) -> Sesuai | I89: I | J89: Ketepatan Distribusi Waktu Makan | K89: Apakah pembagian kalori per waktu makan (Sarapan 23,75% · Siang 33,75% · Malam 28,75% · Snack 13,75%) sudah sesuai pedoman gizi klinis? | L89: 4 | M89: =IF(ISBLANK(L89),"— Belum diisi",IF(L89=1,"Sangat Tidak Sesuai",IF(L89=2,"Tidak Sesuai",IF(L89=3,"Cukup Sesuai",IF(L89=4,"Sesuai",IF(L89=5,"Sangat Sesuai","—")))))) -> Sesuai
B90: RATA-RATA SKOR KESELURUHAN (Case ini) | E90: =IFERROR(AVERAGE(E81,E82,E83,E84,E85,E86,E87,E88,E89),"—") -> 3.2222222 | F90: =IF(ISNUMBER(E90),IF(E90<2,"Sangat Tidak Sesuai",IF(E90<3,"Tidak Sesuai",IF(E90<4,"Cukup Sesuai",IF(E90<4.6,"Sesuai","Sangat Sesuai")))),"—") -> Cukup Sesuai | I90: RATA-RATA SKOR KESELURUHAN (Case ini) | L90: =IFERROR(AVERAGE(L81,L82,L83,L84,L85,L86,L87,L88,L89),"—") -> 3.3333333 | M90: =IF(ISNUMBER(L90),IF(L90<2,"Sangat Tidak Sesuai",IF(L90<3,"Tidak Sesuai",IF(L90<4,"Cukup Sesuai",IF(L90<4.6,"Sesuai","Sangat Sesuai")))),"—") -> Cukup Sesuai
B92: BAGIAN 8 — KOMENTAR DAN SARAN AHLI GIZI
B93: 🔵 Komentar untuk GA | I93: 🟢 Komentar untuk Greedy
B94: Catatan Klinis Menu | I94: Catatan Klinis Menu
B95: → Adakah item makanan dalam menu ini yang tidak lazim, berpotensi kontraindikasi, atau perlu diganti dari sudut pandang klinis? | I95: → Adakah item makanan dalam menu ini yang tidak lazim, berpotensi kontraindikasi, atau perlu diganti dari sudut pandang klinis?
B96: Pada penderita DM dan hipertensi perlu terdapat pembatasan gula dan sodium (garam) serta dianjurkan pemberian makanan tinggi serat | I96: Pada penderita DM dan hipertensi perlu terdapat pembatasan gula dan sodium (garam) serta dianjurkan pemberian makanan tinggi serat
B101: Kesesuaian Panduan Gizi | I101: Kesesuaian Panduan Gizi
B102: Pastikan menggunakan gizi seimbang yang terdiri atas: karbohidrat, protein hewani/nabati, sayur/buah dalam 1x makan | I102: → Apakah rekomendasi nutrisi yang diterapkan sudah selaras dengan pedoman gizi klinis yang Bapak/Ibu gunakan dalam praktik? Jika tidak, pedoman apa yang lebih tepat?
I103: Pastikan menggunakan gizi seimbang yang terdiri atas: karbohidrat, protein hewani/nabati, sayur/buah dalam 1x makan
B108: Kelayakan Implementasi Klinis | I108: Kelayakan Implementasi Klinis
B109: → Apakah output sistem ini realistis untuk dijadikan acuan awal dalam konseling gizi di fasilitas kesehatan? Apa saran atau catatannya? | I109: → Apakah output sistem ini realistis untuk dijadikan acuan awal dalam konseling gizi di fasilitas kesehatan? Apa saran atau catatannya?
B110: realistis namun dengan catatan, terutama dalam penyesuaian menu | I110: realistis namun dengan catatan, terutama dalam penyesuaian menu

Sheet Case 8
B2: CASE 8 — DIABETES + HYPERCHOLESTEROLEMIA
B3: [DM] [HK] Dual : Gabungan guideline (DM) + (HK).
B5: BAGIAN 1 — PROFIL USER | D5: BAGIAN 2 — KEBUTUHAN NUTRISI USER
B6: Usia | C6: 55 | D6: BMR (kcal) | E6: 1103,5
B7: Jenis Kelamin | C7: Wanita | D7: TDEE (kcal) | E7: 1705,3
B8: Berat Badan (kg) | C8: 83 | D8: Energi Harian (kcal) | E8: 1705.5 – 1885.1
B9: Tinggi Badan (cm) | C9: 162 | D9: Protein (g) | E9: 55.4 – 64.0
B10: Tingkat Aktivitas | C10: Rendah | D10: Lemak / Fat (g) | E10: ≤ 56.8
B11: Kondisi Penyakit | C11: DM2 + Kolesterol | D11: Karbohidrat (g) | E11: 212.6 – 235.0
D12: Air / Water (ml) | E12: ≥ 2700.0
B14: BAGIAN 3 — MENU YANG DIREKOMENDASIKAN SISTEM
B15: 🔵 GENETIC ALGORITHM (GA) | I15: 🟢 GREEDY ALGORITHM
B16: Waktu Makan | C16: Menu / Makanan | D16: Porsi (g/ml) | E16: Kalori (kcal) | F16: (diisi peneliti) | I16: Waktu Makan | J16: Menu / Makanan | K16: Porsi (g/ml) | L16: Kalori (kcal) | M16: (diisi peneliti)
B17: Breakfast — Main Course 1 | C17: Fish Sandwich with Tartar Sauce | D17: 101 | E17: 281.8 | I17: Breakfast — Main Course 1 | J17: Arroz con Habichuelas | K17: 151g | L17: 214,4
B18: Breakfast — Side Dish 1 | C18: Raw Sprouted Pinto Beans | D18: 100 | E18: 62 | F18: kecambah/tauge? | I18: Breakfast — Side Dish 1 | J18: Poi | K18: 110g | L18: 123,2 | M18: Kombinasinya kurang cocok
B19: Breakfast — Drink 1 | C19: 2% Reduced Fat Milk | D19: 100 | E19: 50 | I19: Breakfast — Drink 1 | J19: Canned Purple Plums | K19: 100ml | L19: 89 | M19: bisa diganti, tinggi gula
B21: Lunch — Main Course 1 | C21: Hush Puppies | D21: 101 | E21: 340.4 | I21: Lunch — Main Course 1 | J21: Bean Pupusas | K21: 121g | L21: 277,1 | M21: kurang cocok dijadikan lunch, lebih cocok jadi breakfast
B22: Lunch — Side Dish 1 | C22: Cooked Peas and Carrots | D22: 100 | E22: 48 | I22: Lunch — Side Dish 1 | J22: Homemade Hummus | K22: 94g | L22: 166,4
B23: Lunch — Drink 1 | C23: Goat Milk with Vitamin D | D23: 100 | E23: 69 | I23: Lunch — Drink 1 | J23: Canned Purple Plums | K23: 110ml | L23: 111,1 | M23: bisa diganti, tinggi gula
B25: Dinner — Main Course 1 | C25: Oats | D25: 101 | E25: 392.9 | I25: Dinner — Main Course 1 | J25: Salmon Nuggets | K25: 126g | L25: 238,1 | M25: diusahakan jangan makanan olahan
B26: Dinner — Side Dish 1 | C26: Homemade Hummus | D26: 100 | E26: 177 | F26: sebaiknya diganti protein hewani/sayur | I26: Dinner — Side Dish 1 | J26: Raw Eppaw | K26: 87g | L26: 130,5 | M26: ini apa?
B27: Dinner — Drink 1 | C27: Muscle Milk | D27: 100 | E27: 52 | I27: Dinner — Drink 1 | J27: Canned Purple Plums | K27: 100ml | L27: 101 | M27: bisa diganti, tinggi gula
B29: Snack — Option 1 | C29: Boiled Breadfruit Seeds | D29: 140 | E29: 235.2 | I29: Snack — Option 1 | J29: Blueberry Muffins | K29: 80g | L29: 228
B31: BAGIAN 4 — DISTRIBUSI KALORI PER WAKTU MAKAN
B32: 🔵 GA — Distribusi Kalori | I32: 🟢 Greedy — Distribusi Kalori
B33: Waktu Makan | C33: Kalori (kcal) | D33: % Target | E33: Keterangan | F33: Keterangan | I33: Waktu Makan | J33: Kalori (kcal) | K33: % Target | L33: Keterangan | M33: Aktual
B34: Breakfast (Sarapan) | C34: 393,8 | D34: 23,75% | E34: Konstanta sistem | F34: 0.231 | I34: Breakfast (Sarapan) | J34: 426.6 | K34: 23,75% | L34: Konstanta sistem | M34: =J34/sum($J$34:$J$37) -> 0.25411008
B35: Lunch (Makan Siang) | C35: 457,4 | D35: 33,75% | E35: Konstanta sistem | F35: 0.268 | I35: Lunch (Makan Siang) | J35: 554.6 | K35: 33,75% | L35: Konstanta sistem | M35: =J35/sum($J$34:$J$37) -> 0.33035502
B36: Dinner (Makan Malam) | C36: 621,9 | D36: 28,75% | E36: Konstanta sistem | F36: 0.365 | I36: Dinner (Makan Malam) | J36: 469.6 | K36: 28,75% | L36: Konstanta sistem | M36: =J36/sum($J$34:$J$37) -> 0.27972361
B37: Snack | C37: 235,2 | D37: 13,75% | E37: Konstanta sistem | F37: 0.138 | I37: Snack | J37: 228 | K37: 13,75% | L37: Konstanta sistem | M37: =J37/sum($J$34:$J$37) -> 0.13581129
B39: BAGIAN 5 — EVALUASI HARD CONSTRAINT
B40: 🔵 GA — Hard Constraint | I40: 🟢 Greedy — Hard Constraint
B41: Nutrisi | C41: Min – Max | D41: Aktual (diisi peneliti) | E41: Keterpenuhan (%) | F41: Keterangan | I41: Nutrisi | J41: Min – Max | K41: Aktual (diisi peneliti) | L41: Keterpenuhan (%)
B42: Energy (kcal) | C42: 1705.5 – 1885.1 | D42: 1708.25 | E42: 1 | I42: Energy (kcal) | J42: 1705.5 – 1885.1 | K42: 1678.8 | L42: 0.984
B43: Protein (g) | C43: 55.4 – 64.0 | D43: 69.56 | E43: 1.088 | I43: Protein (g) | J43: 55.4 – 64.0 | K43: 43.1 | L43: 0.778
B44: Fat (g) | C44: ≤ 56.8 | D44: 56.82 | E44: 1 | I44: Fat (g) | J44: ≤ 56.8 | K44: 48 | L44: 1
B45: Carbohydrate (g) | C45: 212.6 – 235.0 | D45: 238.21 | E45: 1.014 | I45: Carbohydrate (g) | J45: 212.6 – 235.0 | K45: 276.4 | L45: =K45/235 -> 1.1761702
B46: Sodium (mg) | C46: ≤ 2300.0 | D46: 2038.24 | E46: 1 | I46: Sodium (mg) | J46: ≤ 2300.0 | K46: 1801 | L46: 1
B47: Sugar (g) | C47: ≤ 21.3 | D47: 20.68 | E47: 1 | I47: Sugar (g) | J47: ≤ 21.3 | K47: 24.8 | L47: =K47/21.3 -> 1.1643192
B48: Cholesterol (mg) | C48: ≤ 200.0 | D48: 1708.25 | E48: 1 | F48: aktualnya terlalu besar | I48: Cholesterol (mg) | J48: ≤ 200.0 | K48: 63.6 | L48: 1
B49: Serat / Fiber (g) | C49: 20.0 – 35.0 | D49: 28.37 | E49: 1 | I49: Serat / Fiber (g) | J49: 20.0 – 35.0 | K49: 18.1 | L49: 0.907
B50: vitamin_c_mg | C50: 75.0 – 90.0 | D50: 77.06 | E50: 1 | I50: vitamin_c_mg | J50: 75.0 – 90.0 | K50: 25.6 | L50: 0.341
B51: vitamin_a_rae_mg | C51: 0.7 – 0.9 | D51: 0.74 | E51: 1 | I51: vitamin_a_rae_mg | J51: 0.7 – 0.9 | K51: 0.074 | L51: 0.106
B52: Iron / Zat Besi (mg) | C52: 8.0 – 18.0 | D52: 16.1 | E52: 1 | I52: Iron / Zat Besi (mg) | J52: 8.0 – 18.0 | K52: 13.3 | L52: 1
B53: zinc_mg | C53: 8.0 – 11.0 | D53: 10.3 | E53: 1 | I53: zinc_mg | J53: 8.0 – 11.0 | K53: 5.7 | L53: 0.713
B54: Calcium (mg) | C54: 950.0 – 1050.0 | D54: 979.92 | E54: 1 | I54: Calcium (mg) | J54: 950.0 – 1050.0 | K54: 434.2 | L54: 0.457
B55: Potassium (mg) | C55: 2600.0 – 3400.0 | D55: 3205.93 | E55: 1 | I55: Potassium (mg) | J55: 2600.0 – 3400.0 | K55: 1900.9 | L55: 0.731
B56: Saturated Fat (g) | C56: ≤ 13.3 | D56: 12.71 | E56: 1 | I56: Saturated Fat (g) | J56: ≤ 13.3 | K56: 8 | L56: 1
B57: Trans Fat (g) | C57: ≤ 1.9 | D57: 0.21 | E57: 1 | I57: Trans Fat (g) | J57: ≤ 1.9 | K57: 0.0871 | L57: 1
B58: Vitamin B6 (mg) | C58: 1.3 | D58: 1.67 | E58: 1 | I58: Vitamin B6 (mg) | J58: 1.3 | K58: 1.5 | L58: 1
B59: Vitamin B12 (mg) | C59: 0.0024 | D59: 0 | E59: 0 | I59: Vitamin B12 (mg) | J59: 0.0024 | K59: 0.0028 | L59: 1
B61: BAGIAN 6 — EVALUASI SOFT CONSTRAINT (Vitamin & Mineral)
B62: 🔵 GA — Soft Constraint | I62: 🟢 Greedy — Soft Constraint
B63: Nutrisi | C63: Target (DRI) | D63: Aktual (diisi peneliti) | E63: Keterpenuhan (%) | F63: Keterangan | I63: Nutrisi | J63: Target (DRI) | K63: Aktual (diisi peneliti) | L63: Keterpenuhan (%)
B64: Vitamin D (mg) | C64: 0.0150 – 0.1 | D64: 0 | E64: 0 | I64: Vitamin D (mg) | J64: 0.0150 – 0.1 | K64: 0 | L64: 0
B65: Vitamin E (mg) | C65: 15.0 – 1000.0 | D65: 4.48 | E65: 0.2986667 | I65: Vitamin E (mg) | J65: 15.0 – 1000.0 | K65: 4.2 | L65: 0.28
B66: Vitamin K (mg) | C66: 0.09 | D66: 0.05 | E66: 0.5555556 | I66: Vitamin K (mg) | J66: 0.09 | K66: 0.029 | L66: 0.322
B67: Vitamin B1 (Thiamine) (mg) | C67: 1.1 | D67: 2.55 | E67: 1 | I67: Vitamin B1 (Thiamine) (mg) | J67: 1.1 | K67: 1 | L67: 0.903
B68: Vitamin B2 (Riboflavin) (mg) | C68: 1.1 | D68: 1.7 | E68: 1 | I68: Vitamin B2 (Riboflavin) (mg) | J68: 1.1 | K68: 0.8 | L68: 0.709
B69: Vitamin B3 (Niacin) (mg) | C69: 14.0 – 35.0 | D69: 19.15 | E69: 1 | I69: Vitamin B3 (Niacin) (mg) | J69: 14.0 – 35.0 | K69: 14.3 | L69: 1
B70: Vitamin B5 (Pantothenic Acid) (mg) | C70: 5 | D70: 5.56 | E70: 1 | I70: Vitamin B5 (Pantothenic Acid) (mg) | J70: 5 | K70: 3.5 | L70: 0.692
B71: Vitamin B9 (Folate) (mg) | C71: 0.1 – 1.0 | D71: 0.61 | E71: 1 | I71: Vitamin B9 (Folate) (mg) | J71: 0.1 – 1.0 | K71: 0.2 | L71: 1
B72: Magnesium (mg) | C72: 320 | D72: 6.8 | E72: 1 | I72: Magnesium (mg) | J72: 320 | K72: 232 | L72: 0.725
B73: Phosphorus (mg) | C73: 700.0 – 4000.0 | D73: 1588.09 | E73: 1 | I73: Phosphorus (mg) | J73: 700.0 – 4000.0 | K73: 949.5 | L73: 1
B74: Copper (mg) | C74: 0.9 – 10.0 | D74: 309 | E74: 1 | I74: Copper (mg) | J74: 0.9 – 10.0 | K74: 1.2 | L74: 1
B75: Manganese (mg) | C75: 1.8 – 11.0 | D75: 6.8 | E75: 1 | I75: Manganese (mg) | J75: 1.8 – 11.0 | K75: 3.4 | L75: 1
B76: Selenium (mg) | C76: 0.0550 – 0.4 | D76: 0.07 | E76: 1 | I76: Selenium (mg) | J76: 0.0550 – 0.4 | K76: 0.0346 | L76: 0.629
B77: Air / Water (ml) | C77: 2700 | D77: 664.04 | E77: 0.2459407 | I77: Air / Water (ml) | J77: 2700 | K77: 699 | L77: 0.259
B79: BAGIAN 7 — FORM PENILAIAN AHLI GIZI ★
B80: Petunjuk: Klik sel kolom SKOR lalu pilih nilai 1–5 dari dropdown. Kolom Interpretasi terisi otomatis.
B81: Kode | C81: Kriteria Penilaian | D81: Pertanyaan Panduan | E81: Skor (1-5) | F81: Interpretasi GA | G81: Catatan (GA) | I81: Kode | J81: Kriteria Penilaian | K81: Pertanyaan Panduan | L81: Skor (1-5) | M81: Interpretasi Greedy | N81: Catatan (Greedy)
B82: A | C82: Kesesuaian dengan Kondisi Penyakit | D82: Apakah menu yang dihasilkan sudah sesuai dengan kebutuhan pasien pada kondisi penyakit tersebut? | E82: 3 | F82: =IF(ISBLANK(E82),"— Belum diisi",IF(E82=1,"Sangat Tidak Sesuai",IF(E82=2,"Tidak Sesuai",IF(E82=3,"Cukup Sesuai",IF(E82=4,"Sesuai",IF(E82=5,"Sangat Sesuai","—")))))) -> Cukup Sesuai | G82: cukup sesuai namun masih perlu menu yang disesuaikan, terutama menu dengan proses pengolahan di goreng karena tinggi lemak dan pembatasan minuman tinggi gula | I82: A | J82: Kesesuaian dengan Kondisi Penyakit | K82: Apakah menu yang dihasilkan sudah sesuai dengan kebutuhan pasien pada kondisi penyakit tersebut? | L82: 3 | M82: =IF(ISBLANK(L82),"— Belum diisi",IF(L82=1,"Sangat Tidak Sesuai",IF(L82=2,"Tidak Sesuai",IF(L82=3,"Cukup Sesuai",IF(L82=4,"Sesuai",IF(L82=5,"Sangat Sesuai","—")))))) -> Cukup Sesuai | N82: cukup sesuai namun masih perlu menu yang disesuaikan, terutama menu dengan proses pengolahan di goreng karena tinggi lemak dan pembatasan minuman tinggi gula
B83: B | C83: Kesesuaian Kebutuhan Energi | D83: Apakah total energi harian yang diberikan sudah sesuai dengan kebutuhan pengguna? | E83: 3 | F83: =IF(ISBLANK(E83),"— Belum diisi",IF(E83=1,"Sangat Tidak Sesuai",IF(E83=2,"Tidak Sesuai",IF(E83=3,"Cukup Sesuai",IF(E83=4,"Sesuai",IF(E83=5,"Sangat Sesuai","—")))))) -> Cukup Sesuai | G83: TDEE bisa ditambah ke 2000 | I83: B | J83: Kesesuaian Kebutuhan Energi | K83: Apakah total energi harian yang diberikan sudah sesuai dengan kebutuhan pengguna? | L83: 3 | M83: =IF(ISBLANK(L83),"— Belum diisi",IF(L83=1,"Sangat Tidak Sesuai",IF(L83=2,"Tidak Sesuai",IF(L83=3,"Cukup Sesuai",IF(L83=4,"Sesuai",IF(L83=5,"Sangat Sesuai","—")))))) -> Cukup Sesuai | N83: TDEE bisa ditambah ke 2000
B84: C | C84: Kesesuaian Distribusi Makronutrien | D84: Apakah distribusi karbohidrat, protein, dan lemak sudah proporsional dan sesuai standar? | E84: 3 | F84: =IF(ISBLANK(E84),"— Belum diisi",IF(E84=1,"Sangat Tidak Sesuai",IF(E84=2,"Tidak Sesuai",IF(E84=3,"Cukup Sesuai",IF(E84=4,"Sesuai",IF(E84=5,"Sangat Sesuai","—")))))) -> Cukup Sesuai | I84: C | J84: Kesesuaian Distribusi Makronutrien | K84: Apakah distribusi karbohidrat, protein, dan lemak sudah proporsional dan sesuai standar? | L84: 3 | M84: =IF(ISBLANK(L84),"— Belum diisi",IF(L84=1,"Sangat Tidak Sesuai",IF(L84=2,"Tidak Sesuai",IF(L84=3,"Cukup Sesuai",IF(L84=4,"Sesuai",IF(L84=5,"Sangat Sesuai","—")))))) -> Cukup Sesuai
B85: D | C85: Kesesuaian Pembatasan Nutrisi Khusus | D85: Apakah pembatasan nutrisi spesifik per penyakit sudah diterapkan dengan tepat? | E85: 3 | F85: =IF(ISBLANK(E85),"— Belum diisi",IF(E85=1,"Sangat Tidak Sesuai",IF(E85=2,"Tidak Sesuai",IF(E85=3,"Cukup Sesuai",IF(E85=4,"Sesuai",IF(E85=5,"Sangat Sesuai","—")))))) -> Cukup Sesuai | G85: terdapat catatan pada kolestrol yang terlalu tinggi | I85: D | J85: Kesesuaian Pembatasan Nutrisi Khusus | K85: Apakah pembatasan nutrisi spesifik per penyakit sudah diterapkan dengan tepat? | L85: 3 | M85: =IF(ISBLANK(L85),"— Belum diisi",IF(L85=1,"Sangat Tidak Sesuai",IF(L85=2,"Tidak Sesuai",IF(L85=3,"Cukup Sesuai",IF(L85=4,"Sesuai",IF(L85=5,"Sangat Sesuai","—")))))) -> Cukup Sesuai | N85: terdapat % karbo dan % gula yang cukup tinggi, bisa dikurangi
B86: E | C86: Realisme Menu | D86: Apakah kombinasi makanan dalam menu realistis dan lazim untuk dikonsumsi sehari-hari? | E86: 3 | F86: =IF(ISBLANK(E86),"— Belum diisi",IF(E86=1,"Sangat Tidak Sesuai",IF(E86=2,"Tidak Sesuai",IF(E86=3,"Cukup Sesuai",IF(E86=4,"Sesuai",IF(E86=5,"Sangat Sesuai","—")))))) -> Cukup Sesuai | G86: Terdapat menu yang doubel karbohidrat, salah satunya bisa diganti protein hewani/sayur | I86: E | J86: Realisme Menu | K86: Apakah kombinasi makanan dalam menu realistis dan lazim untuk dikonsumsi sehari-hari? | L86: 3 | M86: =IF(ISBLANK(L86),"— Belum diisi",IF(L86=1,"Sangat Tidak Sesuai",IF(L86=2,"Tidak Sesuai",IF(L86=3,"Cukup Sesuai",IF(L86=4,"Sesuai",IF(L86=5,"Sangat Sesuai","—")))))) -> Cukup Sesuai | N86: terdapat menu yang perlu diperbaiki karena masih ada ketidaksesuaian menu
B87: F | C87: Variasi dan Keberterimaan Menu | D87: Apakah menu cukup bervariasi antar waktu makan dan dapat diterima pengguna umum? | E87: 3 | F87: =IF(ISBLANK(E87),"— Belum diisi",IF(E87=1,"Sangat Tidak Sesuai",IF(E87=2,"Tidak Sesuai",IF(E87=3,"Cukup Sesuai",IF(E87=4,"Sesuai",IF(E87=5,"Sangat Sesuai","—")))))) -> Cukup Sesuai | G87: 3. menu sudah cukup bervariasi namun drink berbagai susu, bisa dibuat lebih variatif lagi | I87: F | J87: Variasi dan Keberterimaan Menu | K87: Apakah menu cukup bervariasi antar waktu makan dan dapat diterima pengguna umum? | L87: 3 | M87: =IF(ISBLANK(L87),"— Belum diisi",IF(L87=1,"Sangat Tidak Sesuai",IF(L87=2,"Tidak Sesuai",IF(L87=3,"Cukup Sesuai",IF(L87=4,"Sesuai",IF(L87=5,"Sangat Sesuai","—")))))) -> Cukup Sesuai | N87: 3. cukup sesuai, namun drink yang sama dalam setiap waktu makan. bisa dibuat lebih bervariasi
B88: G | C88: Penilaian Keseluruhan | D88: Secara keseluruhan, apakah menu yang dihasilkan sistem layak direkomendasikan kepada pengguna? | E88: 3 | F88: =IF(ISBLANK(E88),"— Belum diisi",IF(E88=1,"Sangat Tidak Sesuai",IF(E88=2,"Tidak Sesuai",IF(E88=3,"Cukup Sesuai",IF(E88=4,"Sesuai",IF(E88=5,"Sangat Sesuai","—")))))) -> Cukup Sesuai | G88: cukup sesuai dengan beberapa catatan | I88: G | J88: Penilaian Keseluruhan | K88: Secara keseluruhan, apakah menu yang dihasilkan sistem layak direkomendasikan kepada pengguna? | L88: 3 | M88: =IF(ISBLANK(L88),"— Belum diisi",IF(L88=1,"Sangat Tidak Sesuai",IF(L88=2,"Tidak Sesuai",IF(L88=3,"Cukup Sesuai",IF(L88=4,"Sesuai",IF(L88=5,"Sangat Sesuai","—")))))) -> Cukup Sesuai | N88: cukup sesuai dengan beberapa catatan
B89: H | C89: Kesesuaian Porsi dan Ukuran Sajian | D89: Apakah ukuran porsi (g/ml) yang direkomendasikan realistis dan sesuai standar gizi klinis? | E89: 4 | F89: =IF(ISBLANK(E89),"— Belum diisi",IF(E89=1,"Sangat Tidak Sesuai",IF(E89=2,"Tidak Sesuai",IF(E89=3,"Cukup Sesuai",IF(E89=4,"Sesuai",IF(E89=5,"Sangat Sesuai","—")))))) -> Sesuai | I89: H | J89: Kesesuaian Porsi dan Ukuran Sajian | K89: Apakah ukuran porsi (g/ml) yang direkomendasikan realistis dan sesuai standar gizi klinis? | L89: 4 | M89: =IF(ISBLANK(L89),"— Belum diisi",IF(L89=1,"Sangat Tidak Sesuai",IF(L89=2,"Tidak Sesuai",IF(L89=3,"Cukup Sesuai",IF(L89=4,"Sesuai",IF(L89=5,"Sangat Sesuai","—")))))) -> Sesuai
B90: I | C90: Ketepatan Distribusi Waktu Makan | D90: Apakah pembagian kalori per waktu makan (Sarapan 23,75% · Siang 33,75% · Malam 28,75% · Snack 13,75%) sudah sesuai pedoman gizi klinis? | E90: 4 | F90: =IF(ISBLANK(E90),"— Belum diisi",IF(E90=1,"Sangat Tidak Sesuai",IF(E90=2,"Tidak Sesuai",IF(E90=3,"Cukup Sesuai",IF(E90=4,"Sesuai",IF(E90=5,"Sangat Sesuai","—")))))) -> Sesuai | I90: I | J90: Ketepatan Distribusi Waktu Makan | K90: Apakah pembagian kalori per waktu makan (Sarapan 23,75% · Siang 33,75% · Malam 28,75% · Snack 13,75%) sudah sesuai pedoman gizi klinis? | L90: 4 | M90: =IF(ISBLANK(L90),"— Belum diisi",IF(L90=1,"Sangat Tidak Sesuai",IF(L90=2,"Tidak Sesuai",IF(L90=3,"Cukup Sesuai",IF(L90=4,"Sesuai",IF(L90=5,"Sangat Sesuai","—")))))) -> Sesuai
B91: RATA-RATA SKOR KESELURUHAN (Case ini) | E91: =IFERROR(AVERAGE(E82,E83,E84,E85,E86,E87,E88,E89,E90),"—") -> 3.2222222 | F91: =IF(ISNUMBER(E91),IF(E91<2,"Sangat Tidak Sesuai",IF(E91<3,"Tidak Sesuai",IF(E91<4,"Cukup Sesuai",IF(E91<4.6,"Sesuai","Sangat Sesuai")))),"—") -> Cukup Sesuai | I91: RATA-RATA SKOR KESELURUHAN (Case ini) | L91: =IFERROR(AVERAGE(L82,L83,L84,L85,L86,L87,L88,L89,L90),"—") -> 3.2222222 | M91: =IF(ISNUMBER(L91),IF(L91<2,"Sangat Tidak Sesuai",IF(L91<3,"Tidak Sesuai",IF(L91<4,"Cukup Sesuai",IF(L91<4.6,"Sesuai","Sangat Sesuai")))),"—") -> Cukup Sesuai
B93: BAGIAN 8 — KOMENTAR DAN SARAN AHLI GIZI
B94: 🔵 Komentar untuk GA | I94: 🟢 Komentar untuk Greedy
B95: Catatan Klinis Menu | I95: Catatan Klinis Menu
B96: → Adakah item makanan dalam menu ini yang tidak lazim, berpotensi kontraindikasi, atau perlu diganti dari sudut pandang klinis? | I96: → Adakah item makanan dalam menu ini yang tidak lazim, berpotensi kontraindikasi, atau perlu diganti dari sudut pandang klinis?
B97: Pada penderita DM dan hypercholestrerolemia perlu terdapat pembatasan gula dan lemak jenuh & trans | I97: Pada penderita DM dan hypercholestrerolemia perlu terdapat pembatasan gula dan lemak jenuh & trans
B102: Kesesuaian Panduan Gizi | I102: Kesesuaian Panduan Gizi
B103: → Apakah rekomendasi nutrisi yang diterapkan sudah selaras dengan pedoman gizi klinis yang Bapak/Ibu gunakan dalam praktik? Jika tidak, pedoman apa yang lebih tepat? | I103: → Apakah rekomendasi nutrisi yang diterapkan sudah selaras dengan pedoman gizi klinis yang Bapak/Ibu gunakan dalam praktik? Jika tidak, pedoman apa yang lebih tepat?
B104: Pastikan menggunakan gizi seimbang yang terdiri atas: karbohidrat, protein hewani/nabati, sayur/buah dalam 1x makan | I104: Pastikan menggunakan gizi seimbang yang terdiri atas: karbohidrat, protein hewani/nabati, sayur/buah dalam 1x makan
B109: Kelayakan Implementasi Klinis | I109: Kelayakan Implementasi Klinis
B110: → Apakah output sistem ini realistis untuk dijadikan acuan awal dalam konseling gizi di fasilitas kesehatan? Apa saran atau catatannya? | I110: → Apakah output sistem ini realistis untuk dijadikan acuan awal dalam konseling gizi di fasilitas kesehatan? Apa saran atau catatannya?
B111: realistis namun dengan catatan, terutama dalam penyesuaian menu | I111: realistis namun dengan catatan, terutama dalam penyesuaian menu

Sheet Case 9
B2: CASE 9 — HYPERTENSION + CARDIOVASCULAR DISEASE
B3: [HT] [CVD] Dual : Gabungan guideline (HT) + (CVD)
B5: BAGIAN 1 — PROFIL USER | D5: BAGIAN 2 — KEBUTUHAN NUTRISI USER
B6: Usia | C6: 55 | D6: BMR (kcal) | E6: 1103,5
B7: Jenis Kelamin | C7: Wanita | D7: TDEE (kcal) | E7: 1995
B8: Berat Badan (kg) | C8: 83 | D8: Energi Harian (kcal) | E8: 1995.0 – 2205.0
B9: Tinggi Badan (cm) | C9: 162 | D9: Protein (g) | E9: 74.8 – 89.8
B10: Tingkat Aktivitas | C10: Rendah | D10: Lemak / Fat (g) | E10: 54.8 – 60.5
B11: Kondisi Penyakit | C11: Hipertensi +CVD | D11: Karbohidrat (g) | E11: 189.5 – 274.3
D12: Air / Water (ml) | E12: ≥ 2700.0
B14: BAGIAN 3 — MENU YANG DIREKOMENDASIKAN SISTEM
B15: 🔵 GENETIC ALGORITHM (GA) | I15: 🟢 GREEDY ALGORITHM
B16: Waktu Makan | C16: Menu / Makanan | D16: Porsi (g/ml) | E16: Kalori (kcal) | F16: (diisi peneliti) | I16: Waktu Makan | J16: Menu / Makanan | K16: Porsi (g/ml) | L16: Kalori (kcal) | M16: (diisi peneliti)
B17: Breakfast — Main Course 1 | C17: Tuna Sub | D17: 130 | E17: 287.3 | F17: dengan sayur? | I17: Breakfast — Main Course 1 | J17: Whole Grain English Muffins | K17: 112g | L17: 274,4 | M17: kurang protein dan sayur
B18: Breakfast — Side Dish 1 | C18: French Fries | D18: 100 | E18: 296 | F18: kalau diganti kentang rebus gimana? | I18: Breakfast — Side Dish 1 | J18: Poi | K18: 111g | L18: 124,3
B19: Breakfast — Drink 1 | C19: Unsweetened Almond Milk | D19: 129 | E19: 19.4 | I19: Breakfast — Drink 1 | J19: Canned Purple Plums | K19: 100ml | L19: 101
B21: Lunch — Main Course 1 | C21: Fresh Spinach Pasta | D21: 116 | E21: 335.2 | I21: Lunch — Main Course 1 | J21: Plain Naan Bread | K21: 128g | L21: 372,5 | M21: kurang cocok jadi lunch, lebih cocok jadi dinner
B22: Lunch — Side Dish 1 | C22: Meat Extender | D22: 100 | E22: 311 | I22: Lunch — Side Dish 1 | J22: Homemade Hummus | K22: 127g | L22: 224,8
B23: Lunch — Drink 1 | C23: Low-Fat Chocolate Milk | D23: 115 | E23: 65.5 | I23: Lunch — Drink 1 | J23: Canned Purple Plums | K23: 100ml | L23: 101
B25: Dinner — Main Course 1 | C25: Frozen Chicken and Cheese Taquitos | D25: 101 | E25: 286.8 | F25: kurangi makanan di goreng | I25: Dinner — Main Course 1 | J25: Tuna Sub | K25: 151g | L25: 333,7
B26: Dinner — Side Dish 1 | C26: Cowpeas | D26: 100 | E26: 97 | I26: Dinner — Side Dish 1 | J26: Cooked Green Soybeans | K26: 148g | L26: 208,7
B27: Dinner — Drink 1 | C27: Light Cranberry Grape Juice | D27: 100 | E27: 23 | I27: Dinner — Drink 1 | J27: Creamy Vegetable Oil Milk | K27: 100ml | L27: 63 | M27: kurang cocok jadi drink
B29: Snack — Option 1 | C29: Frozen French Fries | D29: 187 | E29: 274.9 | F29: kurangi porsinya/ganti menunya | I29: Snack — Option 1 | J29: Corn Muffins | K29: 79g | L29: 273,3
B31: BAGIAN 4 — DISTRIBUSI KALORI PER WAKTU MAKAN
B32: 🔵 GA — Distribusi Kalori | I32: 🟢 Greedy — Distribusi Kalori
B33: Waktu Makan | C33: Kalori (kcal) | D33: % Target | E33: Keterangan | F33: Aktual | I33: Waktu Makan | J33: Kalori (kcal) | K33: % Target | L33: Keterangan | M33: Aktual
B34: Breakfast (Sarapan) | C34: 602,7 | D34: 23,75% | E34: Konstanta sistem | F34: 0.302 | I34: Breakfast (Sarapan) | J34: 499.7 | K34: 23,75% | L34: Konstanta sistem | M34: =J34/sum($J$34:$J$37) -> 0.24062214
B35: Lunch (Makan Siang) | C35: 711,8 | D35: 33,75% | E35: Konstanta sistem | F35: 0.357 | I35: Lunch (Makan Siang) | J35: 698.3 | K35: 33,75% | L35: Konstanta sistem | M35: =J35/sum($J$34:$J$37) -> 0.33625463
B36: Dinner (Makan Malam) | C36: 406,8 | D36: 28,75% | E36: Konstanta sistem | F36: 0.204 | I36: Dinner (Makan Malam) | J36: 605.4 | K36: 28,75% | L36: Konstanta sistem | M36: =J36/sum($J$34:$J$37) -> 0.2915202
B37: Snack | C37: 274,9 | D37: 13,75% | E37: Konstanta sistem | F37: 0.138 | I37: Snack | J37: 273.3 | K37: 13,75% | L37: Konstanta sistem | M37: =J37/sum($J$34:$J$37) -> 0.13160302
B39: BAGIAN 5 — EVALUASI HARD CONSTRAINT
B40: 🔵 GA — Hard Constraint | I40: 🟢 Greedy — Hard Constraint
B41: Nutrisi | C41: Min – Max | D41: Aktual (diisi peneliti) | E41: Keterpenuhan (%) | F41: Keterangan | I41: Nutrisi | J41: Min – Max | K41: Aktual (diisi peneliti) | L41: Keterpenuhan (%)
B42: Energy (kcal) | C42: 1995.0 – 2205.0 | D42: 1996.17 | E42: 1 | I42: Energy (kcal) | J42: 1995.0 – 2205.0 | K42: 2076.7 | L42: 1
B43: Protein (g) | C43: 74.8 – 89.8 | D43: 96.02 | E43: 1.07 | I43: Protein (g) | J43: 74.8 – 89.8 | K43: 71.9 | L43: 0.961
B44: Fat (g) | C44: 54.8 – 60.5 | D44: 60.1 | E44: 1 | I44: Fat (g) | J44: 54.8 – 60.5 | K44: 60.5 | L44: 1
B45: Carbohydrate (g) | C45: 189.5 – 274.3 | D45: 273.97 | E45: 1 | I45: Carbohydrate (g) | J45: 189.5 – 274.3 | K45: 320.1 | L45: =K45/274.3 -> 1.1669705
B46: Sodium (mg) | C46: ≤ 2300.0 | D46: 1559.34 | E46: 1 | I46: Sodium (mg) | J46: ≤ 2300.0 | K46: 2300.4 | L46: 1
B47: Sugar (g) | C47: ≤ 24.9 | D47: 21.86 | E47: 1 | I47: Sugar (g) | J47: ≤ 24.9 | K47: 10.2 | L47: 1
B48: Cholesterol (mg) | C48: ≤ 150.0 | D48: 140.96 | E48: 1 | I48: Cholesterol (mg) | J48: ≤ 150.0 | K48: 54.5 | L48: 1
B49: Saturated Fat (g) | C49: ≤ 13.3 | D49: 11.44 | E49: 1 | I49: Saturated Fat (g) | J49: ≤ 13.3 | K49: 9.8 | L49: 1
B50: Potassium (mg) | C50: 4465.0 – 4935.0 | D50: 4702.76 | E50: 1 | I50: Potassium (mg) | J50: 4465.0 – 4935.0 | K50: 2183.1 | L50: 0.489
B51: Calcium (mg) | C51: 800.0 – 1250.0 | D51: 1081.21 | E51: 1 | I51: Calcium (mg) | J51: 800.0 – 1250.0 | K51: 925.3 | L51: 1
B52: magnesium_mg | C52: 240.0 – 500.0 | D52: 487.88 | E52: 1 | I52: magnesium_mg | J52: 240.0 – 500.0 | K52: 291.1 | L52: 1
B53: Serat / Fiber (g) | C53: 30.0 – 38.0 | D53: 34.95 | E53: 1 | I53: Serat / Fiber (g) | J53: 30.0 – 38.0 | K53: 22.8 | L53: 0.76
B54: Trans Fat (g) | C54: ≤ 2.2 | D54: 0.27 | E54: 1 | I54: Trans Fat (g) | J54: ≤ 2.2 | K54: 0.1 | L54: 1
B56: BAGIAN 6 — EVALUASI SOFT CONSTRAINT (Vitamin & Mineral)
B57: 🔵 GA — Soft Constraint | I57: 🟢 Greedy — Soft Constraint
B58: Nutrisi | C58: Target (DRI) | D58: Aktual (diisi peneliti) | E58: Keterpenuhan (%) | F58: Keterangan | I58: Nutrisi | J58: Target (DRI) | K58: Aktual (diisi peneliti) | L58: Keterpenuhan (%)
B59: Vitamin A (mg RAE) | C59: 0.7 – 3.0 | D59: 0.22 | E59: 0.3142857 | I59: Vitamin A (mg RAE) | J59: 0.7 – 3.0 | K59: 0.0739 | L59: 0.106
B60: Vitamin C (mg) | C60: 75.0 – 2000.0 | D60: 69.75 | E60: 0.93 | I60: Vitamin C (mg) | J60: 75.0 – 2000.0 | K60: 41.3 | L60: 0.551
B61: Vitamin D (mg) | C61: 0.0150 – 0.1 | D61: 0 | E61: 0 | I61: Vitamin D (mg) | J61: 0.0150 – 0.1 | K61: 0 | L61: 0
B62: Vitamin E (mg) | C62: 15.0 – 1000.0 | D62: 12.85 | E62: 0.8566667 | I62: Vitamin E (mg) | J62: 15.0 – 1000.0 | K62: 7.2 | L62: 0.478
B63: Vitamin K (mg) | C63: 0.09 | D63: 0.09 | E63: 1 | I63: Vitamin K (mg) | J63: 0.09 | K63: 0.0075 | L63: 0.083
B64: Vitamin B1 (Thiamine) (mg) | C64: 1.1 | D64: 2.42 | E64: 1 | I64: Vitamin B1 (Thiamine) (mg) | J64: 1.1 | K64: 2.5 | L64: 1
B65: Vitamin B2 (Riboflavin) (mg) | C65: 1.1 | D65: 2.48 | E65: 1 | I65: Vitamin B2 (Riboflavin) (mg) | J65: 1.1 | K65: 2 | L65: 1
B66: Vitamin B3 (Niacin) (mg) | C66: 14.0 – 35.0 | D66: 48.24 | E66: 1.3782857 | I66: Vitamin B3 (Niacin) (mg) | J66: 14.0 – 35.0 | K66: 27.6 | L66: 1
B67: Vitamin B5 (Pantothenic Acid) (mg) | C67: 5 | D67: 5.35 | E67: 1 | I67: Vitamin B5 (Pantothenic Acid) (mg) | J67: 5 | K67: 2.6 | L67: 0.523
B68: Vitamin B6 (mg) | C68: 1.5 – 100.0 | D68: 2.93 | E68: 1 | I68: Vitamin B6 (mg) | J68: 1.5 – 100.0 | K68: 1.6 | L68: 1
B69: Vitamin B9 (Folate) (mg) | C69: 0.1 – 1.0 | D69: 0.74 | E69: 1 | I69: Vitamin B9 (Folate) (mg) | J69: 0.1 – 1.0 | K69: 0.5 | L69: 1
B70: Vitamin B12 (mg) | C70: 0.0024 | D70: 0.01 | E70: 1 | I70: Vitamin B12 (mg) | J70: 0.0024 | K70: 0.0019 | L70: 0.792
B71: Iron / Zat Besi (mg) | C71: 8.0 – 45.0 | D71: 24.21 | E71: 1 | I71: Iron / Zat Besi (mg) | J71: 8.0 – 45.0 | K71: 18.9 | L71: 1
B72: Phosphorus (mg) | C72: 700.0 – 4000.0 | D72: 1538.22 | E72: 1 | I72: Phosphorus (mg) | J72: 700.0 – 4000.0 | K72: 1092 | L72: 1
B73: Zinc (mg) | C73: 8.0 – 40.0 | D73: 8.3 | E73: 1 | I73: Zinc (mg) | J73: 8.0 – 40.0 | K73: 6.9 | L73: 0.865
B74: Copper (mg) | C74: 0.9 – 10.0 | D74: 1.22 | E74: 1 | I74: Copper (mg) | J74: 0.9 – 10.0 | K74: 1.2 | L74: 1
B75: Manganese (mg) | C75: 1.8 – 11.0 | D75: 3.05 | E75: 1 | I75: Manganese (mg) | J75: 1.8 – 11.0 | K75: 3.1 | L75: 1
B76: Selenium (mg) | C76: 0.0550 – 0.4 | D76: 0.08 | E76: 1 | I76: Selenium (mg) | J76: 0.0550 – 0.4 | K76: 0.1 | L76: 1
B77: Air / Water (ml) | C77: 2700 | D77: 721.55 | E77: 0.2672407 | I77: Air / Water (ml) | J77: 2700 | K77: 689.5 | L77: 0.255
B79: BAGIAN 7 — FORM PENILAIAN AHLI GIZI ★
B80: Petunjuk: Klik sel kolom SKOR lalu pilih nilai 1–5 dari dropdown. Kolom Interpretasi terisi otomatis.
B81: Kode | C81: Kriteria Penilaian | D81: Pertanyaan Panduan | E81: Skor (1-5) | F81: Interpretasi GA | G81: Catatan (GA) | I81: Kode | J81: Kriteria Penilaian | K81: Pertanyaan Panduan | L81: Skor (1-5) | M81: Interpretasi Greedy | N81: Catatan (Greedy)
B82: A | C82: Kesesuaian dengan Kondisi Penyakit | D82: Apakah menu yang dihasilkan sudah sesuai dengan kebutuhan pasien pada kondisi penyakit tersebut? | E82: 3 | F82: =IF(ISBLANK(E82),"— Belum diisi",IF(E82=1,"Sangat Tidak Sesuai",IF(E82=2,"Tidak Sesuai",IF(E82=3,"Cukup Sesuai",IF(E82=4,"Sesuai",IF(E82=5,"Sangat Sesuai","—")))))) -> Cukup Sesuai | G82: cukup sesuai namun masih perlu menu yang disesuaikan | I82: A | J82: Kesesuaian dengan Kondisi Penyakit | K82: Apakah menu yang dihasilkan sudah sesuai dengan kebutuhan pasien pada kondisi penyakit tersebut? | L82: 3 | M82: =IF(ISBLANK(L82),"— Belum diisi",IF(L82=1,"Sangat Tidak Sesuai",IF(L82=2,"Tidak Sesuai",IF(L82=3,"Cukup Sesuai",IF(L82=4,"Sesuai",IF(L82=5,"Sangat Sesuai","—")))))) -> Cukup Sesuai | N82: cukup sesuai namun masih perlu menu yang disesuaikan
B83: B | C83: Kesesuaian Kebutuhan Energi | D83: Apakah total energi harian yang diberikan sudah sesuai dengan kebutuhan pengguna? | E83: 3 | F83: =IF(ISBLANK(E83),"— Belum diisi",IF(E83=1,"Sangat Tidak Sesuai",IF(E83=2,"Tidak Sesuai",IF(E83=3,"Cukup Sesuai",IF(E83=4,"Sesuai",IF(E83=5,"Sangat Sesuai","—")))))) -> Cukup Sesuai | I83: B | J83: Kesesuaian Kebutuhan Energi | K83: Apakah total energi harian yang diberikan sudah sesuai dengan kebutuhan pengguna? | L83: 3 | M83: =IF(ISBLANK(L83),"— Belum diisi",IF(L83=1,"Sangat Tidak Sesuai",IF(L83=2,"Tidak Sesuai",IF(L83=3,"Cukup Sesuai",IF(L83=4,"Sesuai",IF(L83=5,"Sangat Sesuai","—")))))) -> Cukup Sesuai
B84: C | C84: Kesesuaian Distribusi Makronutrien | D84: Apakah distribusi karbohidrat, protein, dan lemak sudah proporsional dan sesuai standar? | E84: 3 | F84: =IF(ISBLANK(E84),"— Belum diisi",IF(E84=1,"Sangat Tidak Sesuai",IF(E84=2,"Tidak Sesuai",IF(E84=3,"Cukup Sesuai",IF(E84=4,"Sesuai",IF(E84=5,"Sangat Sesuai","—")))))) -> Cukup Sesuai | I84: C | J84: Kesesuaian Distribusi Makronutrien | K84: Apakah distribusi karbohidrat, protein, dan lemak sudah proporsional dan sesuai standar? | L84: 3 | M84: =IF(ISBLANK(L84),"— Belum diisi",IF(L84=1,"Sangat Tidak Sesuai",IF(L84=2,"Tidak Sesuai",IF(L84=3,"Cukup Sesuai",IF(L84=4,"Sesuai",IF(L84=5,"Sangat Sesuai","—")))))) -> Cukup Sesuai
B85: D | C85: Kesesuaian Pembatasan Nutrisi Khusus | D85: Apakah pembatasan nutrisi spesifik per penyakit sudah diterapkan dengan tepat? | E85: 3 | F85: =IF(ISBLANK(E85),"— Belum diisi",IF(E85=1,"Sangat Tidak Sesuai",IF(E85=2,"Tidak Sesuai",IF(E85=3,"Cukup Sesuai",IF(E85=4,"Sesuai",IF(E85=5,"Sangat Sesuai","—")))))) -> Cukup Sesuai | I85: D | J85: Kesesuaian Pembatasan Nutrisi Khusus | K85: Apakah pembatasan nutrisi spesifik per penyakit sudah diterapkan dengan tepat? | L85: 3 | M85: =IF(ISBLANK(L85),"— Belum diisi",IF(L85=1,"Sangat Tidak Sesuai",IF(L85=2,"Tidak Sesuai",IF(L85=3,"Cukup Sesuai",IF(L85=4,"Sesuai",IF(L85=5,"Sangat Sesuai","—")))))) -> Cukup Sesuai
B86: E | C86: Realisme Menu | D86: Apakah kombinasi makanan dalam menu realistis dan lazim untuk dikonsumsi sehari-hari? | E86: 3 | F86: =IF(ISBLANK(E86),"— Belum diisi",IF(E86=1,"Sangat Tidak Sesuai",IF(E86=2,"Tidak Sesuai",IF(E86=3,"Cukup Sesuai",IF(E86=4,"Sesuai",IF(E86=5,"Sangat Sesuai","—")))))) -> Cukup Sesuai | G86: cukup sesuai, namun perlu pengurangan makanan yang diolah dengan proses penggorengan | I86: E | J86: Realisme Menu | K86: Apakah kombinasi makanan dalam menu realistis dan lazim untuk dikonsumsi sehari-hari? | L86: 3 | M86: =IF(ISBLANK(L86),"— Belum diisi",IF(L86=1,"Sangat Tidak Sesuai",IF(L86=2,"Tidak Sesuai",IF(L86=3,"Cukup Sesuai",IF(L86=4,"Sesuai",IF(L86=5,"Sangat Sesuai","—")))))) -> Cukup Sesuai | N86: cukup sesuai, namun masih terdapat menu yang kurang protein dan sayur
B87: F | C87: Variasi dan Keberterimaan Menu | D87: Apakah menu cukup bervariasi antar waktu makan dan dapat diterima pengguna umum? | E87: 3 | F87: =IF(ISBLANK(E87),"— Belum diisi",IF(E87=1,"Sangat Tidak Sesuai",IF(E87=2,"Tidak Sesuai",IF(E87=3,"Cukup Sesuai",IF(E87=4,"Sesuai",IF(E87=5,"Sangat Sesuai","—")))))) -> Cukup Sesuai | G87: 3. cukup bervariasi | I87: F | J87: Variasi dan Keberterimaan Menu | K87: Apakah menu cukup bervariasi antar waktu makan dan dapat diterima pengguna umum? | L87: 3 | M87: =IF(ISBLANK(L87),"— Belum diisi",IF(L87=1,"Sangat Tidak Sesuai",IF(L87=2,"Tidak Sesuai",IF(L87=3,"Cukup Sesuai",IF(L87=4,"Sesuai",IF(L87=5,"Sangat Sesuai","—")))))) -> Cukup Sesuai | N87: 3. cukup sesuai namun terdapat menu yang kurang sesuai penempatannya dengan waktu makannya
B88: G | C88: Penilaian Keseluruhan | D88: Secara keseluruhan, apakah menu yang dihasilkan sistem layak direkomendasikan kepada pengguna? | E88: 3 | F88: =IF(ISBLANK(E88),"— Belum diisi",IF(E88=1,"Sangat Tidak Sesuai",IF(E88=2,"Tidak Sesuai",IF(E88=3,"Cukup Sesuai",IF(E88=4,"Sesuai",IF(E88=5,"Sangat Sesuai","—")))))) -> Cukup Sesuai | G88: cukup sesuai dengan beberapa catatan | I88: G | J88: Penilaian Keseluruhan | K88: Secara keseluruhan, apakah menu yang dihasilkan sistem layak direkomendasikan kepada pengguna? | L88: 3 | M88: =IF(ISBLANK(L88),"— Belum diisi",IF(L88=1,"Sangat Tidak Sesuai",IF(L88=2,"Tidak Sesuai",IF(L88=3,"Cukup Sesuai",IF(L88=4,"Sesuai",IF(L88=5,"Sangat Sesuai","—")))))) -> Cukup Sesuai | N88: cukup sesuai dengan beberapa catatan
B89: H | C89: Kesesuaian Porsi dan Ukuran Sajian | D89: Apakah ukuran porsi (g/ml) yang direkomendasikan realistis dan sesuai standar gizi klinis? | E89: 3 | F89: =IF(ISBLANK(E89),"— Belum diisi",IF(E89=1,"Sangat Tidak Sesuai",IF(E89=2,"Tidak Sesuai",IF(E89=3,"Cukup Sesuai",IF(E89=4,"Sesuai",IF(E89=5,"Sangat Sesuai","—")))))) -> Cukup Sesuai | G89: porsi snack masih terlalu banyak, bisa dikurangi | I89: H | J89: Kesesuaian Porsi dan Ukuran Sajian | K89: Apakah ukuran porsi (g/ml) yang direkomendasikan realistis dan sesuai standar gizi klinis? | L89: 4 | M89: =IF(ISBLANK(L89),"— Belum diisi",IF(L89=1,"Sangat Tidak Sesuai",IF(L89=2,"Tidak Sesuai",IF(L89=3,"Cukup Sesuai",IF(L89=4,"Sesuai",IF(L89=5,"Sangat Sesuai","—")))))) -> Sesuai
B90: I | C90: Ketepatan Distribusi Waktu Makan | D90: Apakah pembagian kalori per waktu makan (Sarapan 23,75% · Siang 33,75% · Malam 28,75% · Snack 13,75%) sudah sesuai pedoman gizi klinis? | E90: 4 | F90: =IF(ISBLANK(E90),"— Belum diisi",IF(E90=1,"Sangat Tidak Sesuai",IF(E90=2,"Tidak Sesuai",IF(E90=3,"Cukup Sesuai",IF(E90=4,"Sesuai",IF(E90=5,"Sangat Sesuai","—")))))) -> Sesuai | I90: I | J90: Ketepatan Distribusi Waktu Makan | K90: Apakah pembagian kalori per waktu makan (Sarapan 23,75% · Siang 33,75% · Malam 28,75% · Snack 13,75%) sudah sesuai pedoman gizi klinis? | L90: 4 | M90: =IF(ISBLANK(L90),"— Belum diisi",IF(L90=1,"Sangat Tidak Sesuai",IF(L90=2,"Tidak Sesuai",IF(L90=3,"Cukup Sesuai",IF(L90=4,"Sesuai",IF(L90=5,"Sangat Sesuai","—")))))) -> Sesuai
B91: RATA-RATA SKOR KESELURUHAN (Case ini) | E91: =IFERROR(AVERAGE(E82,E83,E84,E85,E86,E87,E88,E89,E90),"—") -> 3.1111111 | F91: =IF(ISNUMBER(E91),IF(E91<2,"Sangat Tidak Sesuai",IF(E91<3,"Tidak Sesuai",IF(E91<4,"Cukup Sesuai",IF(E91<4.6,"Sesuai","Sangat Sesuai")))),"—") -> Cukup Sesuai | I91: RATA-RATA SKOR KESELURUHAN (Case ini) | L91: =IFERROR(AVERAGE(L82,L83,L84,L85,L86,L87,L88,L89,L90),"—") -> 3.2222222 | M91: =IF(ISNUMBER(L91),IF(L91<2,"Sangat Tidak Sesuai",IF(L91<3,"Tidak Sesuai",IF(L91<4,"Cukup Sesuai",IF(L91<4.6,"Sesuai","Sangat Sesuai")))),"—") -> Cukup Sesuai
B93: BAGIAN 8 — KOMENTAR DAN SARAN AHLI GIZI
B94: 🔵 Komentar untuk GA | I94: 🟢 Komentar untuk Greedy
B95: Catatan Klinis Menu | I95: Catatan Klinis Menu
B96: → Adakah item makanan dalam menu ini yang tidak lazim, berpotensi kontraindikasi, atau perlu diganti dari sudut pandang klinis? | I96: → Adakah item makanan dalam menu ini yang tidak lazim, berpotensi kontraindikasi, atau perlu diganti dari sudut pandang klinis?
B97: Pada penderita hypertension dan CVD perlu terdapat pembatasan sodium/garam dan lemak trans & jenuh | I97: Pada penderita hypertension dan CVD perlu terdapat pembatasan sodium/garam dan lemak trans & jenuh
B102: Kesesuaian Panduan Gizi | I102: Kesesuaian Panduan Gizi
B103: → Apakah rekomendasi nutrisi yang diterapkan sudah selaras dengan pedoman gizi klinis yang Bapak/Ibu gunakan dalam praktik? Jika tidak, pedoman apa yang lebih tepat? | I103: → Apakah rekomendasi nutrisi yang diterapkan sudah selaras dengan pedoman gizi klinis yang Bapak/Ibu gunakan dalam praktik? Jika tidak, pedoman apa yang lebih tepat?
B104: Pastikan menggunakan gizi seimbang yang terdiri atas: karbohidrat, protein hewani/nabati, sayur/buah dalam 1x makan | I104: Pastikan menggunakan gizi seimbang yang terdiri atas: karbohidrat, protein hewani/nabati, sayur/buah dalam 1x makan
B109: Kelayakan Implementasi Klinis | I109: Kelayakan Implementasi Klinis
B110: → Apakah output sistem ini realistis untuk dijadikan acuan awal dalam konseling gizi di fasilitas kesehatan? Apa saran atau catatannya? | I110: → Apakah output sistem ini realistis untuk dijadikan acuan awal dalam konseling gizi di fasilitas kesehatan? Apa saran atau catatannya?
B111: realistis namun dengan catatan, terutama dalam penyesuaian menu | I111: realistis namun dengan catatan, terutama dalam penyesuaian menu

Sheet Case 10
B2: CASE 10 — CKD + HYPERTENSION
B3: [CKD] [HT] Dual : Gabungan guideline (CKD) + (HT).
B5: BAGIAN 1 — PROFIL USER | D5: BAGIAN 2 — KEBUTUHAN NUTRISI USER
B6: Usia | C6: 55 | D6: BMR (kcal) | E6: 1103,5
B7: Jenis Kelamin | C7: Wanita | D7: TDEE (kcal) | E7: 2205
B8: Berat Badan (kg) | C8: 83 | D8: Energi Harian (kcal) | E8: 2205.0 – 2759.8
B9: Tinggi Badan (cm) | C9: 162 | D9: Protein (g) | E9: 66.4 – 82.7
B10: Tingkat Aktivitas | C10: Rendah | D10: Lemak / Fat (g) | E10: 60.5 – 66.9
B11: Kondisi Penyakit | C11: CKD + Hipertensi | D11: Karbohidrat (g) | E11: 288.0 – 318.4
D12: Air / Water (ml) | E12: ≥ 2700.0
B14: BAGIAN 3 — MENU YANG DIREKOMENDASIKAN SISTEM
B15: 🔵 GENETIC ALGORITHM (GA) | I15: 🟢 GREEDY ALGORITHM
B16: Waktu Makan | C16: Menu / Makanan | D16: Porsi (g/ml) | E16: Kalori (kcal) | F16: (diisi peneliti) | I16: Waktu Makan | J16: Menu / Makanan | K16: Porsi (g/ml) | L16: Kalori (kcal) | M16: (diisi peneliti)
B17: Breakfast — Main Course 1 | C17: Glutinous White Rice | D17: 101 | E17: 373.7 | F17: doubel karbo | I17: Breakfast — Main Course 1 | J17: Bean Pupusas | K17: 119g | L17: 272,5
B18: Breakfast — Side Dish 1 | C18: Microwaved Potatoes in Skin | D18: 100 | E18: 132 | I18: Breakfast — Side Dish 1 | J18: Poi | K18: 118g | L18: 132,2
B19: Breakfast — Drink 1 | C19: Fluid Milk Substitute | D19: 100 | E19: 61 | I19: Breakfast — Drink 1 | J19: Canned Purple Plums | K19: 100ml | L19: 101
B21: Lunch — Main Course 1 | C21: Homemade Falafel | D21: 112 | E21: 373 | F21: kurang sayur & kurang cocok jadi menu lunch | I21: Lunch — Main Course 1 | J21: Homemade Falafel | K21: 126g | L21: 419,6 | M21: kurang cocok jadi lunch
B22: Lunch — Side Dish 1 | C22: Garlic Parmesan Breadsticks | D22: 100 | E22: 343 | I22: Lunch — Side Dish 1 | J22: Ready-to-Serve Hoisin Sauce | K22: 75g | L22: 165 | M22: hanya sausnya?
B23: Lunch — Drink 1 | C23: Sweetened Coffee Drink | D23: 111 | E23: 78.8 | F23: sebaiknya jangan kopi | I23: Lunch — Drink 1 | J23: Canned Purple Plums | K23: 125ml | L23: 126,2
B25: Dinner — Main Course 1 | C25: Tuna Sub | D25: 118 | E25: 260.8 | I25: Dinner — Main Course 1 | J25: Beef and Bean Burrito | K25: 101g | L25: 241,4
B26: Dinner — Side Dish 1 | C26: Hash Brown Potatoes | D26: 100 | E26: 242 | I26: Dinner — Side Dish 1 | J26: French Fries | K26: 52g | L26: 82,2 | M26: diganti jadi kentang rebus?
B27: Dinner — Drink 1 | C27: Pink Grapefruit Juice | D27: 117 | E27: 45.6 | I27: Dinner — Drink 1 | J27: Ensure Plus Drink | K27: 100ml | L27: 141
B29: Snack — Option 1 | C29: Raw Breadnut Seeds | D29: 140 | E29: 303.8 | F29: kurangin porsi (100 gr) | I29: Snack — Option 1 | J29: Plain Hard Pretzels | K29: 80g | L29: 304,8
B31: BAGIAN 4 — DISTRIBUSI KALORI PER WAKTU MAKAN
B32: 🔵 GA — Distribusi Kalori | I32: 🟢 Greedy — Distribusi Kalori
B33: Waktu Makan | C33: Kalori (kcal) | D33: % Target | E33: Keterangan | F33: Aktual | I33: Waktu Makan | J33: Kalori (kcal) | K33: % Target | L33: Keterangan | M33: Aktual
B34: Breakfast (Sarapan) | C34: 566,7 | D34: 23,75% | E34: Konstanta sistem | F34: 0.257 | I34: Breakfast (Sarapan) | J34: 505.7 | K34: 23,75% | L34: Konstanta sistem | M34: =J34/sum($J$34:$J$37) -> 0.25464525
B35: Lunch (Makan Siang) | C35: 794,8 | D35: 33,75% | E35: Konstanta sistem | F35: 0.36 | I35: Lunch (Makan Siang) | J35: 710.8 | K35: 33,75% | L35: Konstanta sistem | M35: =J35/sum($J$34:$J$37) -> 0.35792336
B36: Dinner (Makan Malam) | C36: 548,4 | D36: 28,75% | E36: Konstanta sistem | F36: 0.249 | I36: Dinner (Makan Malam) | J36: 464.6 | K36: 28,75% | L36: Konstanta sistem | M36: =J36/sum($J$34:$J$37) -> 0.23394934
B37: Snack | C37: 303,8 | D37: 13,75% | E37: Konstanta sistem | F37: 0.138 | I37: Snack | J37: 304.8 | K37: 13,75% | L37: Konstanta sistem | M37: =J37/sum($J$34:$J$37) -> 0.15348205
B39: BAGIAN 5 — EVALUASI HARD CONSTRAINT
B40: 🔵 GA — Hard Constraint | I40: 🟢 Greedy — Hard Constraint
B41: Nutrisi | C41: Min – Max | D41: Aktual (diisi peneliti) | E41: Keterpenuhan (%) | F41: Keterangan | I41: Nutrisi | J41: Min – Max | K41: Aktual (diisi peneliti) | L41: Keterpenuhan (%)
B42: Energy (kcal) | C42: 2205.0 – 2759.8 | D42: 2213.68 | E42: 1 | I42: Energy (kcal) | J42: 2205.0 – 2759.8 | K42: 1985.9 | L42: 0.901
B43: Protein (g) | C43: 66.4 – 82.7 | D43: 69.08 | E43: 1 | I43: Protein (g) | J43: 66.4 – 82.7 | K43: 48.4 | L43: 0.728
B44: Fat (g) | C44: 60.5 – 66.9 | D44: 65.12 | E44: 1 | I44: Fat (g) | J44: 60.5 – 66.9 | K44: 56 | L44: 0.925
B45: Carbohydrate (g) | C45: 288.0 – 318.4 | D45: 339.08 | E45: 1.065 | I45: Carbohydrate (g) | J45: 288.0 – 318.4 | K45: 329.7 | L45: =K45/318.4 -> 1.03549
B46: Sodium (mg) | C46: ≤ 2000.0 | D46: 1509.17 | E46: 1 | I46: Sodium (mg) | J46: ≤ 2000.0 | K46: 3089.1 | L46: =K46/2000 -> 1.54455
B47: Sugar (g) | C47: ≤ 27.6 | D47: 25.7 | E47: 1 | I47: Sugar (g) | J47: ≤ 27.6 | K47: 31.7 | L47: =K47/27.6 -> 1.1485507
B48: Cholesterol (mg) | C48: ≤ 150.0 | D48: 45.59 | E48: 1 | I48: Cholesterol (mg) | J48: ≤ 150.0 | K48: 12.3 | L48: 1
B49: Saturated Fat (g) | C49: ≤ 14.7 | D49: 12.78 | E49: 1 | I49: Saturated Fat (g) | J49: ≤ 14.7 | K49: 10.7 | L49: 1
B50: Potassium (mg) | C50: 4465.0 – 4935.0 | D50: 4546.72 | E50: 1 | I50: Potassium (mg) | J50: 4465.0 – 4935.0 | K50: 2369.1 | L50: 0.531
B51: Calcium (mg) | C51: 800.0 – 1000.0 | D51: 798.23 | E51: 0.998 | I51: Calcium (mg) | J51: 800.0 – 1000.0 | K51: 340.2 | L51: 0.425
B52: magnesium_mg | C52: 240.0 – 500.0 | D52: 353.75 | E52: 1 | I52: magnesium_mg | J52: 240.0 – 500.0 | K52: 338 | L52: 1
B53: Serat / Fiber (g) | C53: 30.0 – 38.0 | D53: 15.51 | E53: 0.517 | I53: Serat / Fiber (g) | J53: 30.0 – 38.0 | K53: 19.2 | L53: 0.642
B54: Phosphorus (mg) | C54: 800.0 – 1000.0 | D54: 1000.38 | E54: 1 | I54: Phosphorus (mg) | J54: 800.0 – 1000.0 | K54: 802.2 | L54: 1
B55: vitamin_c_mg | C55: 75.0 – 90.0 | D55: 84.12 | E55: 1 | I55: vitamin_c_mg | J55: 75.0 – 90.0 | K55: 25.1 | L55: 0.335
B57: BAGIAN 6 — EVALUASI SOFT CONSTRAINT (Vitamin & Mineral)
B58: 🔵 GA — Soft Constraint | I58: 🟢 Greedy — Soft Constraint
B59: Nutrisi | C59: Target (DRI) | D59: Aktual (diisi peneliti) | E59: Keterpenuhan (%) | F59: Keterangan | I59: Nutrisi | J59: Target (DRI) | K59: Aktual (diisi peneliti) | L59: Keterpenuhan (%)
B60: Vitamin A (mg RAE) | C60: 0.7 – 3.0 | D60: 0.07 | E60: 0.1 | I60: Vitamin A (mg RAE) | J60: 0.7 – 3.0 | K60: 0.2 | L60: 0.277
B61: Vitamin D (mg) | C61: 0.0150 – 0.1 | D61: 0 | E61: 0 | I61: Vitamin D (mg) | J61: 0.0150 – 0.1 | K61: 0.001 | L61: 0.067
B62: Vitamin E (mg) | C62: 15.0 – 1000.0 | D62: 4.65 | E62: 0.31 | I62: Vitamin E (mg) | J62: 15.0 – 1000.0 | K62: 5.5 | L62: 0.369
B63: Vitamin K (mg) | C63: 0.09 | D63: 0.04 | E63: 0.4444444 | I63: Vitamin K (mg) | J63: 0.09 | K63: 0.029 | L63: 0.322
B64: Vitamin B1 (Thiamine) (mg) | C64: 1.1 | D64: 1.33 | E64: 1 | I64: Vitamin B1 (Thiamine) (mg) | J64: 1.1 | K64: 1.2 | L64: 1
B65: Vitamin B2 (Riboflavin) (mg) | C65: 1.1 | D65: 1.62 | E65: 1 | I65: Vitamin B2 (Riboflavin) (mg) | J65: 1.1 | K65: 1 | L65: 0.949
B66: Vitamin B3 (Niacin) (mg) | C66: 14.0 – 35.0 | D66: 27.88 | E66: 1 | I66: Vitamin B3 (Niacin) (mg) | J66: 14.0 – 35.0 | K66: 12.7 | L66: 0.906
B67: Vitamin B5 (Pantothenic Acid) (mg) | C67: 5 | D67: 5.52 | E67: 1 | I67: Vitamin B5 (Pantothenic Acid) (mg) | J67: 5 | K67: 2.8 | L67: 0.552
B68: Vitamin B6 (mg) | C68: 1.5 – 100.0 | D68: 2.13 | E68: 1 | I68: Vitamin B6 (mg) | J68: 1.5 – 100.0 | K68: 1.3 | L68: 0.873
B69: Vitamin B9 (Folate) (mg) | C69: 0.1 – 1.0 | D69: 0.59 | E69: 1 | I69: Vitamin B9 (Folate) (mg) | J69: 0.1 – 1.0 | K69: 0.4 | L69: 1
B70: Vitamin B12 (mg) | C70: 0.0024 | D70: 0.48 | E70: 1 | I70: Vitamin B12 (mg) | J70: 0.0024 | K70: 0.0006 | L70: 0.25
B71: Iron / Zat Besi (mg) | C71: 8.0 – 45.0 | D71: 22.06 | E71: 1 | I71: Iron / Zat Besi (mg) | J71: 8.0 – 45.0 | K71: 16.1 | L71: 1
B72: Zinc (mg) | C72: 8.0 – 40.0 | D72: 8.94 | E72: 1 | I72: Zinc (mg) | J72: 8.0 – 40.0 | K72: 7 | L72: 0.88
B73: Copper (mg) | C73: 0.9 – 10.0 | D73: 3.75 | E73: 1 | I73: Copper (mg) | J73: 0.9 – 10.0 | K73: 1.5 | L73: 1
B74: Manganese (mg) | C74: 1.8 – 11.0 | D74: 4.07 | E74: 1 | I74: Manganese (mg) | J74: 1.8 – 11.0 | K74: 4.5 | L74: 1
B75: Selenium (mg) | C75: 0.0550 – 0.4 | D75: 0.09 | E75: 1 | I75: Selenium (mg) | J75: 0.0550 – 0.4 | K75: 0.0345 | L75: 0.627
B76: Air / Water (ml) | C76: 2700 | D76: 610.55 | E76: 0.2261296 | I76: Air / Water (ml) | J76: 2700 | K76: 544.6 | L76: 0.202
B78: BAGIAN 7 — FORM PENILAIAN AHLI GIZI ★
B79: Petunjuk: Klik sel kolom SKOR lalu pilih nilai 1–5 dari dropdown. Kolom Interpretasi terisi otomatis.
B80: Kode | C80: Kriteria Penilaian | D80: Pertanyaan Panduan | E80: Skor (1-5) | F80: Interpretasi GA | G80: Catatan (GA) | I80: Kode | J80: Kriteria Penilaian | K80: Pertanyaan Panduan | L80: Skor (1-5) | M80: Interpretasi Greedy | N80: Catatan (Greedy)
B81: A | C81: Kesesuaian dengan Kondisi Penyakit | D81: Apakah menu yang dihasilkan sudah sesuai dengan kebutuhan pasien pada kondisi penyakit tersebut? | E81: 3 | F81: =IF(ISBLANK(E81),"— Belum diisi",IF(E81=1,"Sangat Tidak Sesuai",IF(E81=2,"Tidak Sesuai",IF(E81=3,"Cukup Sesuai",IF(E81=4,"Sesuai",IF(E81=5,"Sangat Sesuai","—")))))) -> Cukup Sesuai | G81: cukup sesuai, namun perlu dipertimbangkan lagi terkait drink karena penderita CKD perlu ada pembatasan cairan | I81: A | J81: Kesesuaian dengan Kondisi Penyakit | K81: Apakah menu yang dihasilkan sudah sesuai dengan kebutuhan pasien pada kondisi penyakit tersebut? | L81: 3 | M81: =IF(ISBLANK(L81),"— Belum diisi",IF(L81=1,"Sangat Tidak Sesuai",IF(L81=2,"Tidak Sesuai",IF(L81=3,"Cukup Sesuai",IF(L81=4,"Sesuai",IF(L81=5,"Sangat Sesuai","—")))))) -> Cukup Sesuai | N81: cukup sesuai, namun perlu dipertimbangkan lagi terkait drink karena penderita CKD perlu ada pembatasan cairan
B82: B | C82: Kesesuaian Kebutuhan Energi | D82: Apakah total energi harian yang diberikan sudah sesuai dengan kebutuhan pengguna? | E82: 3 | F82: =IF(ISBLANK(E82),"— Belum diisi",IF(E82=1,"Sangat Tidak Sesuai",IF(E82=2,"Tidak Sesuai",IF(E82=3,"Cukup Sesuai",IF(E82=4,"Sesuai",IF(E82=5,"Sangat Sesuai","—")))))) -> Cukup Sesuai | I82: B | J82: Kesesuaian Kebutuhan Energi | K82: Apakah total energi harian yang diberikan sudah sesuai dengan kebutuhan pengguna? | L82: 3 | M82: =IF(ISBLANK(L82),"— Belum diisi",IF(L82=1,"Sangat Tidak Sesuai",IF(L82=2,"Tidak Sesuai",IF(L82=3,"Cukup Sesuai",IF(L82=4,"Sesuai",IF(L82=5,"Sangat Sesuai","—")))))) -> Cukup Sesuai
B83: C | C83: Kesesuaian Distribusi Makronutrien | D83: Apakah distribusi karbohidrat, protein, dan lemak sudah proporsional dan sesuai standar? | E83: 3 | F83: =IF(ISBLANK(E83),"— Belum diisi",IF(E83=1,"Sangat Tidak Sesuai",IF(E83=2,"Tidak Sesuai",IF(E83=3,"Cukup Sesuai",IF(E83=4,"Sesuai",IF(E83=5,"Sangat Sesuai","—")))))) -> Cukup Sesuai | I83: C | J83: Kesesuaian Distribusi Makronutrien | K83: Apakah distribusi karbohidrat, protein, dan lemak sudah proporsional dan sesuai standar? | L83: 3 | M83: =IF(ISBLANK(L83),"— Belum diisi",IF(L83=1,"Sangat Tidak Sesuai",IF(L83=2,"Tidak Sesuai",IF(L83=3,"Cukup Sesuai",IF(L83=4,"Sesuai",IF(L83=5,"Sangat Sesuai","—")))))) -> Cukup Sesuai
B84: D | C84: Kesesuaian Pembatasan Nutrisi Khusus | D84: Apakah pembatasan nutrisi spesifik per penyakit sudah diterapkan dengan tepat? | E84: 4 | F84: =IF(ISBLANK(E84),"— Belum diisi",IF(E84=1,"Sangat Tidak Sesuai",IF(E84=2,"Tidak Sesuai",IF(E84=3,"Cukup Sesuai",IF(E84=4,"Sesuai",IF(E84=5,"Sangat Sesuai","—")))))) -> Sesuai | I84: D | J84: Kesesuaian Pembatasan Nutrisi Khusus | K84: Apakah pembatasan nutrisi spesifik per penyakit sudah diterapkan dengan tepat? | L84: 3 | M84: =IF(ISBLANK(L84),"— Belum diisi",IF(L84=1,"Sangat Tidak Sesuai",IF(L84=2,"Tidak Sesuai",IF(L84=3,"Cukup Sesuai",IF(L84=4,"Sesuai",IF(L84=5,"Sangat Sesuai","—")))))) -> Cukup Sesuai | N84: %sodium masih tinggi, bisa dikurangi
B85: E | C85: Realisme Menu | D85: Apakah kombinasi makanan dalam menu realistis dan lazim untuk dikonsumsi sehari-hari? | E85: 3 | F85: =IF(ISBLANK(E85),"— Belum diisi",IF(E85=1,"Sangat Tidak Sesuai",IF(E85=2,"Tidak Sesuai",IF(E85=3,"Cukup Sesuai",IF(E85=4,"Sesuai",IF(E85=5,"Sangat Sesuai","—")))))) -> Cukup Sesuai | G85: masih terdapat menu yang doubel karbo dan kurang sayur | I85: E | J85: Realisme Menu | K85: Apakah kombinasi makanan dalam menu realistis dan lazim untuk dikonsumsi sehari-hari? | L85: 3 | M85: =IF(ISBLANK(L85),"— Belum diisi",IF(L85=1,"Sangat Tidak Sesuai",IF(L85=2,"Tidak Sesuai",IF(L85=3,"Cukup Sesuai",IF(L85=4,"Sesuai",IF(L85=5,"Sangat Sesuai","—")))))) -> Cukup Sesuai | N85: cukup sesuai, namun sebaiknya dibatasi lagi pengolahan dengan digoreng
B86: F | C86: Variasi dan Keberterimaan Menu | D86: Apakah menu cukup bervariasi antar waktu makan dan dapat diterima pengguna umum? | E86: 3 | F86: =IF(ISBLANK(E86),"— Belum diisi",IF(E86=1,"Sangat Tidak Sesuai",IF(E86=2,"Tidak Sesuai",IF(E86=3,"Cukup Sesuai",IF(E86=4,"Sesuai",IF(E86=5,"Sangat Sesuai","—")))))) -> Cukup Sesuai | G86: cukup bervariasi namun perlu diganti drink yang menggunakan kopi karena kurang baik bagi penderita CKD | I86: F | J86: Variasi dan Keberterimaan Menu | K86: Apakah menu cukup bervariasi antar waktu makan dan dapat diterima pengguna umum? | L86: 3 | M86: =IF(ISBLANK(L86),"— Belum diisi",IF(L86=1,"Sangat Tidak Sesuai",IF(L86=2,"Tidak Sesuai",IF(L86=3,"Cukup Sesuai",IF(L86=4,"Sesuai",IF(L86=5,"Sangat Sesuai","—")))))) -> Cukup Sesuai | N86: 3. cukup bervariasi namun ada ketidaksesuain penempatan makanan dan waktu makannya
B87: G | C87: Penilaian Keseluruhan | D87: Secara keseluruhan, apakah menu yang dihasilkan sistem layak direkomendasikan kepada pengguna? | E87: 3 | F87: =IF(ISBLANK(E87),"— Belum diisi",IF(E87=1,"Sangat Tidak Sesuai",IF(E87=2,"Tidak Sesuai",IF(E87=3,"Cukup Sesuai",IF(E87=4,"Sesuai",IF(E87=5,"Sangat Sesuai","—")))))) -> Cukup Sesuai | G87: cukup sesuai dengan beberapa catatan | I87: G | J87: Penilaian Keseluruhan | K87: Secara keseluruhan, apakah menu yang dihasilkan sistem layak direkomendasikan kepada pengguna? | L87: 3 | M87: =IF(ISBLANK(L87),"— Belum diisi",IF(L87=1,"Sangat Tidak Sesuai",IF(L87=2,"Tidak Sesuai",IF(L87=3,"Cukup Sesuai",IF(L87=4,"Sesuai",IF(L87=5,"Sangat Sesuai","—")))))) -> Cukup Sesuai | N87: cukup sesuai dengan beberapa catatan
B88: H | C88: Kesesuaian Porsi dan Ukuran Sajian | D88: Apakah ukuran porsi (g/ml) yang direkomendasikan realistis dan sesuai standar gizi klinis? | E88: 3 | F88: =IF(ISBLANK(E88),"— Belum diisi",IF(E88=1,"Sangat Tidak Sesuai",IF(E88=2,"Tidak Sesuai",IF(E88=3,"Cukup Sesuai",IF(E88=4,"Sesuai",IF(E88=5,"Sangat Sesuai","—")))))) -> Cukup Sesuai | G88: porsi snack bisa dikurangi | I88: H | J88: Kesesuaian Porsi dan Ukuran Sajian | K88: Apakah ukuran porsi (g/ml) yang direkomendasikan realistis dan sesuai standar gizi klinis? | L88: 4 | M88: =IF(ISBLANK(L88),"— Belum diisi",IF(L88=1,"Sangat Tidak Sesuai",IF(L88=2,"Tidak Sesuai",IF(L88=3,"Cukup Sesuai",IF(L88=4,"Sesuai",IF(L88=5,"Sangat Sesuai","—")))))) -> Sesuai
B89: I | C89: Ketepatan Distribusi Waktu Makan | D89: Apakah pembagian kalori per waktu makan (Sarapan 23,75% · Siang 33,75% · Malam 28,75% · Snack 13,75%) sudah sesuai pedoman gizi klinis? | E89: 4 | F89: =IF(ISBLANK(E89),"— Belum diisi",IF(E89=1,"Sangat Tidak Sesuai",IF(E89=2,"Tidak Sesuai",IF(E89=3,"Cukup Sesuai",IF(E89=4,"Sesuai",IF(E89=5,"Sangat Sesuai","—")))))) -> Sesuai | I89: I | J89: Ketepatan Distribusi Waktu Makan | K89: Apakah pembagian kalori per waktu makan (Sarapan 23,75% · Siang 33,75% · Malam 28,75% · Snack 13,75%) sudah sesuai pedoman gizi klinis? | L89: 4 | M89: =IF(ISBLANK(L89),"— Belum diisi",IF(L89=1,"Sangat Tidak Sesuai",IF(L89=2,"Tidak Sesuai",IF(L89=3,"Cukup Sesuai",IF(L89=4,"Sesuai",IF(L89=5,"Sangat Sesuai","—")))))) -> Sesuai
